Item,Area,Year,AreaHarvested,Production,Yield,Price,ExportQuantity,ExportValue,ImportQuantity,ImportValue,RuralPopulation,UrbanPopulation,TotalPopulation,GrossNationalIncome
Rice,BruneiDarussalam,1961,873873.44,3702009.8,18614.256,388.22574,642082.7,142103.55,164762.75,98858.516,7096.2075,5718.008,8270.646,4572.411
Rice,BruneiDarussalam,1962,955124.94,3173514.2,14979.944,450.0027,757445.9,169554.45,155602.17,104652.49,7857.0664,4825.046,7658.963,5481.6704
Rice,BruneiDarussalam,1963,884739.56,3407310.8,16953.645,410.33075,665502.5,147407.83,159417.4,99768.56,7220.2905,5284.498,7855.562,4903.677
Rice,BruneiDarussalam,1964,888971.5,3378183.0,16737.69,413.9519,669661.4,148446.58,157519.78,99482.555,7236.6567,5217.4053,7793.4473,4946.278
Rice,BruneiDarussalam,1965,902834.1,3291260.5,16168.993,422.76645,685470.7,152025.47,157170.3,101009.625,7368.973,5093.5884,7734.2656,5081.3315
Rice,BruneiDarussalam,1966,883994.06,3424082.2,17052.244,408.7591,664165.94,147082.33,160302.06,99969.89,7219.5522,5317.8164,7891.4907,4883.9775
Rice,BruneiDarussalam,1967,879053.1,3582507.5,17904.143,397.3346,650884.75,144169.69,161558.52,98813.43,7131.967,5526.543,8075.8296,4703.4775
Rice,BruneiDarussalam,1968,878384.2,3580676.5,17909.553,397.25476,650993.0,144200.6,161245.14,98604.01,7130.845,5520.7666,8080.372,4696.0996
Rice,BruneiDarussalam,1969,870332.7,3815991.5,19276.207,380.34042,634268.6,140304.33,168233.4,99215.26,7072.3613,5907.313,8453.304,4464.5825
Rice,BruneiDarussalam,1970,847571.8,3810873.2,19503.63,385.3912,601886.56,133265.62,162956.22,97525.07,6858.7104,5904.2134,8134.5723,4788.067
Rice,BruneiDarussalam,1971,859499.5,3509233.5,17708.76,408.94388,624337.9,138466.61,155522.78,97634.93,6950.532,5434.493,7687.2285,5151.088
Rice,BruneiDarussalam,1972,853213.9,3495430.5,17694.72,412.2685,615857.8,136631.16,153994.42,97379.586,6891.082,5423.029,7581.376,5296.975
Rice,BruneiDarussalam,1973,856601.94,4352395.5,22390.412,349.0822,599336.7,132536.62,175909.92,97422.03,6875.343,6670.0522,9143.269,3993.2925
Rice,BruneiDarussalam,1974,753171.75,4302726.5,23575.205,378.13757,466240.88,103682.23,152761.28,91534.914,5931.128,6719.014,7571.9683,5835.757
Rice,BruneiDarussalam,1975,756238.06,4108624.8,22354.05,392.19586,471700.1,104963.41,149475.27,92228.73,5958.337,6447.0264,7302.5396,6192.1826
Rice,BruneiDarussalam,1976,784346.44,3507573.0,18199.668,457.9059,509601.3,114065.4,136558.77,93200.12,6511.575,5491.148,6398.7705,7974.3906
Rice,BruneiDarussalam,1977,821651.3,3243026.8,16119.384,511.9547,538567.8,121298.65,128436.305,95063.68,7063.428,5016.6074,5931.547,9721.419
Rice,BruneiDarussalam,1978,811533.0,3280250.2,16318.7295,515.9677,522901.12,117236.875,127187.12,94868.164,6989.7827,5100.22,5826.7324,10190.193
Rice,BruneiDarussalam,1979,740662.1,3566249.2,17827.754,532.709,433835.47,99488.45,118363.78,91516.57,6200.2793,5700.6777,5185.1133,12849.971
Rice,BruneiDarussalam,1980,877817.5,3745979.0,13202.206,794.56586,445840.5,103038.125,93804.04,113558.94,6403.619,6434.165,3290.4194,30342.34
Rice,BruneiDarussalam,1981,858190.75,3601390.8,13649.565,737.06287,474164.0,109349.71,99252.81,108353.12,6587.495,6029.1064,3733.0732,25230.596
Rice,BruneiDarussalam,1982,834668.6,3564254.0,14128.79,703.2946,466628.03,107580.16,101117.01,104614.695,6517.251,5922.2866,3920.245,22962.654
Rice,BruneiDarussalam,1983,801688.2,3456151.8,14898.928,646.9865,470721.47,108223.61,108529.97,100902.71,6599.3716,5703.699,4387.8984,18902.27
Rice,BruneiDarussalam,1984,892451.1,3302144.0,13123.666,715.83655,598157.7,137184.33,108751.484,109121.14,7580.13,5325.8037,4414.2256,20626.78
Rice,BruneiDarussalam,1985,829537.44,3303392.8,14496.505,634.0367,536485.25,122096.945,112617.164,100742.59,7114.641,5298.0957,4790.6963,16504.646
Rice,BruneiDarussalam,1986,768456.6,3589848.8,18822.848,453.9776,487580.22,109260.44,134902.81,91721.664,6332.6235,5617.224,6322.439,8113.7217
Rice,BruneiDarussalam,1987,911955.56,3121096.2,14127.567,577.7416,664948.0,146128.44,130201.195,105506.87,8162.444,4796.348,5850.128,11660.631
Rice,BruneiDarussalam,1988,959251.44,3189295.8,14990.149,449.40945,757287.5,169701.97,158386.47,106347.26,7909.3433,4874.104,7697.7236,5510.616
Rice,BruneiDarussalam,1989,755888.56,3621417.8,19149.775,456.81323,470922.7,105530.96,136317.97,92702.27,6290.251,5734.6304,6238.933,8580.496
Rice,BruneiDarussalam,1990,814232.06,3267727.0,16041.569,530.75757,522252.78,115579.75,127721.13,97386.7,7106.5244,5152.8433,5709.418,11039.609
Rice,BruneiDarussalam,1991,902629.7,3144811.2,13893.274,608.30054,649260.56,143471.62,123787.67,105266.5,8046.161,4874.1616,5492.796,13398.344
Rice,BruneiDarussalam,1992,894882.2,3183360.2,13817.674,626.64154,630556.3,140448.14,121930.016,106611.52,7924.044,5008.1245,5264.7153,14741.343
Rice,BruneiDarussalam,1993,893984.1,3164568.8,13932.38,613.87317,634524.0,140587.66,123241.625,105794.66,7942.303,4947.912,5389.0405,13964.611
Rice,BruneiDarussalam,1994,896365.7,3165756.5,13970.166,609.3223,638148.75,141278.23,122887.96,104877.94,7931.7446,4916.589,5421.9644,13598.375
Rice,BruneiDarussalam,1995,434493.53,5578744.5,14128.944,1693.9165,1130701.4,555390.94,88862.08,111195.836,6321.1187,8845.547,5446.887,21899.951
Rice,BruneiDarussalam,1996,419731.75,5800495.0,13819.01,1760.7808,1153806.4,596993.3,79798.734,107911.13,6061.454,9073.468,5160.588,23342.78
Rice,BruneiDarussalam,1997,410461.6,5843553.0,13837.782,1777.8967,1174599.0,615170.4,79780.91,108308.72,6042.0815,9214.731,5199.7637,23288.012
Rice,BruneiDarussalam,1998,958106.6,3210902.5,15103.197,445.66315,752006.6,168167.19,165214.77,109878.94,7943.073,4984.411,7804.4604,5526.1055
Rice,BruneiDarussalam,1999,443990.06,5414985.5,14406.614,1650.4557,1157354.9,552371.56,96526.38,111746.695,6693.006,8640.776,5888.1616,19928.932
Rice,BruneiDarussalam,2000,433916.75,5386328.5,14322.1875,1632.6199,990690.56,460779.2,90550.94,112757.72,6089.381,8729.737,5187.115,22904.166
Rice,BruneiDarussalam,2001,897552.0,3220185.5,13507.553,658.137,627043.7,141528.97,114614.43,105584.95,7792.763,5048.1963,4947.9688,16417.143
Rice,BruneiDarussalam,2002,447124.38,5299519.5,14393.727,1598.0077,1016291.3,463558.22,97765.48,116471.55,6348.945,8646.924,5439.9453,21927.445
Rice,BruneiDarussalam,2003,447916.53,5346335.0,14045.664,1622.5397,983566.7,452523.5,90867.914,115430.664,6046.206,8643.78,5033.5317,23780.785
Rice,BruneiDarussalam,2004,447353.62,5372442.0,13629.007,1649.1481,896725.2,413269.7,86551.516,119124.766,5691.8516,8907.175,4474.9526,27338.848
Rice,BruneiDarussalam,2005,449190.9,5302207.0,13337.079,1638.4957,790118.5,347395.4,78440.76,118045.4,5105.5137,8898.789,3861.575,30790.564
Rice,BruneiDarussalam,2006,394127.5,5376619.0,13023.817,1717.3162,726177.7,317649.56,64615.664,111890.15,4308.7456,9077.129,3219.7852,34459.21
Rice,BruneiDarussalam,2007,991519.56,3972156.0,12354.514,861.3581,477129.2,113741.28,92794.55,124453.97,7028.624,6745.2153,3115.0667,34903.105
Rice,BruneiDarussalam,2008,1028644.4,4308079.5,12150.137,920.7213,427852.34,103566.9,87749.9,132046.95,6735.362,7511.4453,2693.6943,40234.805
Rice,BruneiDarussalam,2009,961734.5,3764955.2,12652.551,804.51624,517935.75,122224.555,98293.35,118874.01,7185.3633,6248.005,3539.3838,29508.19
Rice,BruneiDarussalam,2010,945463.75,3284976.8,15605.672,431.87692,711282.1,158573.73,163345.08,107311.53,7650.147,5118.292,7781.3345,5306.776
Rice,BruneiDarussalam,2011,962213.4,4437733.5,12603.037,917.24664,357121.34,85160.93,81920.65,127741.5,5959.5527,7964.731,2421.9265,41833.582
Rice,BruneiDarussalam,2012,990617.3,4555639.0,12488.891,931.77313,356605.12,85668.17,83149.62,132527.58,6060.5117,8223.96,2375.5488,42873.105
Rice,BruneiDarussalam,2013,946708.56,4321768.5,12659.277,903.3882,367221.62,87173.9,81968.05,124163.055,5974.738,7688.0107,2503.274,40529.98
Rice,BruneiDarussalam,2014,1048819.0,4343862.5,12045.127,925.7414,438389.9,106719.805,85398.414,130378.34,6750.5083,7431.9697,2682.61,40091.758
Rice,BruneiDarussalam,2015,502286.8,4434266.5,15203.988,1186.184,444663.7,144444.44,89807.555,114848.555,4275.9907,8320.873,3478.1294,28501.281
Rice,BruneiDarussalam,2016,612106.44,4475584.0,13591.145,1260.3077,658046.75,229717.67,102751.08,133290.66,5676.212,7952.769,4108.779,28763.234
Rice,BruneiDarussalam,2017,595537.75,4478501.5,19756.193,847.44543,1096293.2,312658.3,196616.42,119285.61,9126.051,7496.7627,10950.166,6166.348
Rice,BruneiDarussalam,2018,508224.16,4330293.0,14768.748,1211.643,489976.4,161859.36,89991.984,115483.555,4478.4014,8003.93,3615.7092,28104.812
Rice,BruneiDarussalam,2019,590469.7,4790002.0,21375.318,805.3858,1067739.8,303476.03,201329.86,118288.43,9045.554,7954.4883,11548.469,5689.0605
Rice,BruneiDarussalam,2020,696520.1,4177521.8,19891.34,552.82465,327014.5,77469.516,115911.81,96825.516,5280.184,7154.3184,4363.624,18331.75
Rice,BruneiDarussalam,2021,487503.88,4535846.5,15933.724,1165.1389,435972.12,141574.83,90187.87,111006.99,4269.57,8418.234,3611.69,27157.898
Rice,BruneiDarussalam,2022,853517.0,4777125.5,24824.447,328.04935,579323.0,127782.68,193343.22,101468.766,6866.931,7454.93,9819.635,3757.6816
Rice,BruneiDarussalam,2023,954999.9,3171759.5,14970.269,450.36237,757440.8,169557.38,154716.27,104213.87,7841.846,4812.871,7638.5312,5478.7744
Rice,Cambodia,1961,1879226.1,4879656.0,16311.993,349.22885,741867.1,186673.67,161241.06,109619.19,11639.162,6402.333,10467.338,4652.416
Rice,Cambodia,1962,1038514.1,3468682.0,15446.724,423.07474,776112.4,178403.89,159098.0,103958.86,9266.9795,5020.1094,9272.992,4786.166
Rice,Cambodia,1963,1948412.9,4906152.5,16673.102,326.90665,835746.9,204335.56,163804.42,112895.12,11922.75,6365.6396,12349.046,4010.2656
Rice,Cambodia,1964,2003094.1,5138653.5,16575.75,340.7633,745569.06,190137.39,161559.16,110430.875,12015.584,6624.184,10864.54,4547.869
Rice,Cambodia,1965,1872522.8,4495408.5,16114.355,328.30618,854986.44,203268.42,162355.73,111644.54,11687.724,6011.0234,12273.678,4013.3372
Rice,Cambodia,1966,1891671.9,4861700.0,16219.013,349.64264,772801.56,192492.72,160399.06,110200.86,11745.981,6308.6084,10635.094,4633.1016
Rice,Cambodia,1967,1684021.4,4358454.5,16524.406,330.3559,784589.75,186631.03,162789.66,107860.02,11117.722,6013.7715,11838.217,3950.087
Rice,Cambodia,1968,1996438.5,5278670.5,17680.56,311.0554,748742.4,188326.67,167796.0,110340.94,12255.313,6868.062,12675.328,3807.4756
Rice,Cambodia,1969,1689075.4,4096348.0,15211.099,354.95828,833471.8,201446.56,160296.47,109490.75,11537.603,5601.0986,11312.312,4321.068
Rice,Cambodia,1970,933215.3,3674909.0,17851.727,391.54407,674620.9,150961.17,169816.98,101366.01,8265.646,5677.8975,8930.6,4559.3467
Rice,Cambodia,1971,1743513.1,4947374.5,17927.746,318.04556,729833.25,178914.3,174111.03,110732.2,11534.526,6754.7427,12319.733,3831.969
Rice,Cambodia,1972,993578.3,3727852.0,17409.84,382.32462,715159.3,163110.02,176001.6,106690.664,8944.005,5611.742,10219.643,4195.35
Rice,Cambodia,1973,1218710.4,3526613.2,15156.378,395.98798,792820.9,182287.34,158826.27,107995.21,8935.998,5136.866,9267.111,4763.7925
Rice,Cambodia,1974,1175313.0,3787486.2,16858.018,364.3098,736408.1,168402.8,228868.23,134466.84,10334.19,6430.298,11426.204,4474.0234
Rice,Cambodia,1975,1227243.8,3870903.0,16812.639,363.4289,740577.25,169127.2,181384.5,114995.65,9105.622,5902.196,10202.641,4437.31
Rice,Cambodia,1976,1249107.6,3788567.8,16232.168,372.21735,742103.56,171085.94,156675.9,103721.01,8895.519,5455.6274,9607.095,4442.8506
Rice,Cambodia,1977,1315313.0,3884936.2,15644.845,392.61295,721437.0,171594.56,161058.38,104218.125,10361.816,5546.0996,9167.831,4989.503
Rice,Cambodia,1978,1012849.56,3222640.0,14894.808,428.1744,762937.0,173857.67,159954.14,102354.15,9502.179,4827.367,9027.571,4904.8936
Rice,Cambodia,1979,1262431.4,3647283.0,15368.713,386.52768,799285.1,185481.73,214147.53,132410.81,11140.339,5874.278,11001.394,4892.453
Rice,Cambodia,1980,1459352.0,4312981.5,16484.682,370.61295,708468.9,168613.39,164915.22,110913.17,9284.516,6103.5327,9057.219,4958.2393
Rice,Cambodia,1981,1477060.6,4137734.2,16242.432,352.42798,744002.94,176773.7,173038.27,112513.195,10644.638,5974.9014,10925.706,4264.95
Rice,Cambodia,1982,956668.1,3357349.2,16677.2,382.63846,716242.8,158617.75,206153.83,120096.66,9228.978,5714.3237,10335.359,4446.8115
Rice,Cambodia,1983,937579.6,3330986.5,16740.836,383.37476,705837.0,156800.23,180546.34,107014.18,8887.348,5387.257,10007.505,4255.1226
Rice,Cambodia,1984,1316472.8,4045866.5,17126.371,345.87076,727472.7,169422.34,195233.78,118390.086,10521.175,6245.569,11557.019,4086.9607
Rice,Cambodia,1985,1380571.0,4011161.2,16794.303,346.12646,736073.6,170035.4,163099.95,106063.4,9345.268,5836.248,10439.939,4182.618
Rice,Cambodia,1986,1464829.2,4355313.5,17175.064,349.4264,685147.06,163278.53,186902.06,114700.74,10791.379,6528.456,10505.066,4566.231
Rice,Cambodia,1987,1551239.6,4227913.0,15313.125,391.6747,774261.0,190449.48,181367.03,118367.95,11958.713,6021.601,9971.738,5311.643
Rice,Cambodia,1988,1041401.56,3874309.5,17552.213,375.6591,728731.0,167641.14,194273.89,115607.336,9729.064,5934.3345,11075.645,4184.5566
Rice,Cambodia,1989,1756089.4,4896078.0,17858.928,312.27274,733869.0,179745.16,182359.22,114112.86,12072.479,6816.815,13051.458,3708.5205
Rice,Cambodia,1990,1657589.2,4174387.2,14999.585,380.14603,783060.56,192391.38,159505.08,107696.836,11846.169,5653.3813,9874.528,5074.0425
Rice,Cambodia,1991,1590081.8,4795791.5,17664.695,348.15442,693240.44,168329.52,168764.05,110300.86,9790.626,6675.405,9809.208,4633.1636
Rice,Cambodia,1992,1594386.4,4626554.5,17757.732,325.31158,762139.94,181378.48,185423.81,118062.52,10577.244,6655.0347,12124.305,3996.5146
Rice,Cambodia,1993,1755642.8,4726055.5,17416.988,312.20404,753681.8,183687.47,195152.19,120788.55,12628.852,6817.45,13705.339,3700.1558
Rice,Cambodia,1994,1461921.4,4760870.5,18612.953,343.0119,784164.6,189745.19,183322.66,115140.27,10375.667,6809.76,12516.315,3903.63
Rice,Cambodia,1995,1657380.9,5788903.0,20643.139,334.51297,813842.56,207009.98,201427.17,123530.45,11509.927,8076.362,14415.105,3748.5234
Rice,Cambodia,1996,1790369.4,5411809.5,19552.16,292.0234,727719.56,179595.73,176944.78,108356.79,12283.748,7118.508,14401.093,3244.918
Rice,Cambodia,1997,1681904.5,5661742.5,20217.75,326.31625,789976.06,199362.05,176472.38,111543.16,11059.174,7502.3433,13717.239,3616.3381
Rice,Cambodia,1998,1580336.0,4746211.0,19218.975,302.97427,755347.1,181335.61,195357.1,113605.13,12179.616,7046.842,14956.862,3237.4104
Rice,Cambodia,1999,956595.8,3906702.0,20054.617,328.55933,674634.8,150594.6,199208.98,107424.9,9422.113,6331.4194,12714.488,3296.0815
Rice,Cambodia,2000,1869843.9,6187402.0,21960.402,273.79224,721084.4,181439.0,208038.9,118333.375,13284.787,8414.148,16617.86,2973.6116
Rice,Cambodia,2001,1200232.6,3828465.2,15422.065,408.78113,818218.9,197605.73,169447.86,108318.45,11745.288,5307.9033,11422.197,4359.9604
Rice,Cambodia,2002,1678647.6,4961460.0,20125.38,273.9052,707059.6,168052.95,201332.19,113242.12,12461.808,7390.827,15653.755,2993.9707
Rice,Cambodia,2003,2083974.6,6599559.5,22005.582,268.62357,731617.94,188691.58,207468.8,119912.44,14253.57,8727.737,17464.287,2953.7646
Rice,Cambodia,2004,1962672.8,6212509.5,21275.516,282.60187,752587.56,193421.7,211285.9,122267.055,14177.612,8482.991,17262.89,3066.592
Rice,Cambodia,2005,2266832.0,7701920.0,24500.389,248.41475,705302.06,185664.16,206823.83,117138.77,14643.856,9629.828,18772.986,2693.7769
Rice,Cambodia,2006,1859271.8,5899503.0,23168.432,251.01062,687274.0,167844.03,202996.31,109590.45,13023.161,8561.209,17660.855,2605.6963
Rice,Cambodia,2007,2309758.5,8498855.0,25802.123,261.72687,748685.1,206314.06,216225.94,121754.06,15593.735,10529.817,20362.318,2712.9548
Rice,Cambodia,2008,2458297.0,6446567.5,16178.368,406.52133,905821.4,266878.12,188016.61,130755.33,17192.744,7882.0244,13206.289,5169.5244
Rice,Cambodia,2009,2403482.2,9441042.0,27402.342,261.9235,757083.4,215287.95,217092.52,121807.016,16119.856,11335.987,21505.59,2634.428
Rice,Cambodia,2010,2081712.9,6956205.0,26693.086,215.66618,662527.7,160671.92,245066.06,122199.42,13856.487,10330.451,20592.148,2258.9604
Rice,Cambodia,2011,843034.06,5287100.0,25842.232,379.8296,635311.4,156208.98,213484.78,107327.77,8995.221,8493.054,12369.859,3709.521
Rice,Cambodia,2012,2754118.0,11772263.0,30678.168,256.66678,901652.3,270606.88,256410.05,141604.73,18425.904,13728.8545,26487.008,2439.391
Rice,Cambodia,2013,2946687.5,11636728.0,30452.443,226.18639,839625.9,240376.11,213741.53,125275.16,16782.89,12369.629,24576.635,2322.9573
Rice,Cambodia,2014,3253882.0,7299283.0,16476.967,312.69852,1092386.2,316683.38,170494.9,129824.74,19367.771,7537.66,18654.91,3592.6704
Rice,Cambodia,2015,1370273.8,8793094.0,29215.531,336.1463,738421.2,198880.3,214586.55,120956.21,11211.791,10348.972,14769.913,3713.898
Rice,Cambodia,2016,3365381.8,7577458.0,16490.842,319.89383,1155888.0,338754.03,168128.56,132792.0,19911.486,7610.0024,19136.66,3818.8167
Rice,Cambodia,2017,2285959.8,7588852.5,28753.48,201.42451,706881.2,168240.27,224111.55,114500.57,14043.55,10581.448,22544.98,2051.9412
Rice,Cambodia,2018,3213372.8,13429776.0,30889.969,248.70135,841838.8,251547.27,196194.2,125951.695,15818.796,13034.788,20139.412,3055.9126
Rice,Cambodia,2019,1373932.1,10042276.0,33017.797,311.23212,923554.8,247858.72,192635.95,117074.95,9665.717,10458.19,18520.94,2900.79
Rice,Cambodia,2020,1164844.8,3477383.8,15098.407,434.59445,1049410.4,240606.84,167107.25,111652.516,11640.76,4997.5083,13034.821,4377.8755
Rice,Cambodia,2021,1553348.8,10310682.0,33576.203,266.913,782483.0,208232.23,230319.69,120410.92,12841.265,11494.947,21924.475,2284.955
Rice,Cambodia,2022,3094517.5,13708762.0,33011.605,233.20267,743616.94,209839.12,197985.23,121128.52,13193.72,13697.894,17810.322,2982.2905
Rice,Cambodia,2023,954999.9,3171759.5,14970.269,450.36237,757440.8,169557.38,154716.27,104213.87,7841.846,4812.871,7638.5312,5478.7744
Rice,Indonesia,1961,6444043.5,10033375.0,22856.828,128.30315,1215020.4,369350.47,576975.9,204698.08,62854.82,17884.955,77883.92,421.95166
Rice,Indonesia,1962,6838764.0,8841975.0,18392.129,136.98883,1297009.1,399098.88,432748.06,175334.4,65955.695,14400.379,75602.93,479.88214
Rice,Indonesia,1963,2352006.8,8374845.0,20577.742,320.83908,884512.4,267851.25,756003.8,226013.9,63090.918,14017.762,35598.164,4333.955
Rice,Indonesia,1964,2837727.2,10111148.0,21778.736,318.758,837082.0,271922.62,941379.1,266633.0,66726.75,19139.785,37544.344,4564.8154
Rice,Indonesia,1965,8009263.0,16779616.0,17569.252,215.87813,742158.1,323281.88,321608.9,122392.45,74279.586,18552.502,37590.363,2753.2512
Rice,Indonesia,1966,8202694.5,17471518.0,17829.764,209.86652,750762.44,331141.88,346368.1,127271.14,75901.734,19636.924,39600.06,2622.4375
Rice,Indonesia,1967,8145725.5,17361894.0,17690.176,212.7436,752672.44,332663.97,390527.2,138071.81,77131.87,20547.928,40423.094,2722.6157
Rice,Indonesia,1968,8674134.0,20772108.0,19804.104,194.93245,734210.75,341628.0,487086.03,157562.06,79139.12,25683.328,44590.098,2418.5024
Rice,Indonesia,1969,8946264.0,18472958.0,14378.809,229.97412,825096.5,388177.62,286717.44,116294.72,80829.81,16445.426,36526.527,3082.9902
Rice,Indonesia,1970,8834794.0,23048216.0,22760.834,180.6034,747591.06,343317.9,775020.1,227818.42,81014.53,33516.586,50632.965,2426.0503
Rice,Indonesia,1971,3678758.0,9491060.0,15221.849,363.46463,912214.56,309463.88,456781.97,167759.6,73214.63,11194.034,29948.879,5985.9214
Rice,Indonesia,1972,7630905.5,12078275.0,13654.17,235.88838,835500.56,341605.7,251913.33,95547.84,79400.29,12766.604,36870.773,2895.5117
Rice,Indonesia,1973,8493967.0,24301490.0,27672.758,183.71938,842716.56,325877.9,174611.95,139486.62,28357.75,19426.4,24082.146,3149.4834
Rice,Indonesia,1974,7487383.0,17614310.0,27342.334,173.21368,623001.25,208533.52,378535.84,222323.34,27079.098,25116.402,25722.85,3491.8792
Rice,Indonesia,1975,8519350.0,25508868.0,29766.469,176.06107,846647.25,318445.5,509040.38,313079.44,33150.043,29961.67,30608.51,3815.3599
Rice,Indonesia,1976,8857792.0,27406988.0,28086.646,187.50528,778647.0,308746.47,279332.1,219146.06,30206.37,25145.97,24847.896,3928.2427
Rice,Indonesia,1977,8038852.5,26672980.0,34254.312,168.34807,949955.8,329553.3,1670053.4,764709.9,41355.15,48252.637,43964.406,4247.5005
Rice,Indonesia,1978,9749094.0,26062168.0,19797.76,222.3781,930605.75,403841.94,372150.3,307620.78,39793.82,28654.977,24516.318,5738.859
Rice,Indonesia,1979,1514328.1,8609640.0,30232.81,300.07257,480890.66,125175.125,581609.75,262201.8,11522.952,20065.496,14614.288,5099.2764
Rice,Indonesia,1980,7744987.0,17454078.0,22357.443,211.67313,1019708.2,342299.25,1767688.2,861747.25,45079.254,42114.63,43183.61,6537.35
Rice,Indonesia,1981,9810616.0,39431590.0,40412.188,169.5878,663108.7,345843.1,600873.44,296249.53,41483.1,51712.46,37004.15,3042.63
Rice,Indonesia,1982,9720313.0,40664764.0,42164.34,171.26166,637319.25,345432.4,464324.9,234223.25,39430.45,49787.01,35778.414,2757.5085
Rice,Indonesia,1983,9203402.0,36818104.0,40429.562,165.65823,831491.25,349281.5,832808.56,408333.03,40336.95,47838.57,38759.918,3215.2786
Rice,Indonesia,1984,10096277.0,43681350.0,44105.87,168.58234,639706.25,366935.84,467348.12,222381.1,43343.258,54671.383,37710.902,2485.1008
Rice,Indonesia,1985,4894323.0,28099228.0,26924.984,552.2453,940390.56,496932.5,305443.16,239760.67,31026.57,25634.568,18475.842,9182.967
Rice,Indonesia,1986,10145487.0,41845076.0,39046.68,167.77225,872038.5,444978.94,171806.03,132268.9,34567.32,33170.586,30529.75,2436.533
Rice,Indonesia,1987,10577094.0,36942188.0,23986.686,217.97128,875423.0,509799.44,252671.92,204090.25,45780.04,35008.113,27666.352,4258.8174
Rice,Indonesia,1988,10506914.0,47221984.0,45278.91,170.64323,594415.06,381847.1,357666.66,178555.45,44814.645,57523.37,36373.516,2274.7134
Rice,Indonesia,1989,10335381.0,44537936.0,41608.316,165.68872,877546.06,455279.16,213849.62,147400.53,38720.375,38919.117,33112.99,2251.9985
Rice,Indonesia,1990,10422307.0,45218840.0,41201.473,168.10384,822277.1,443964.34,170585.64,127826.33,37601.223,37174.65,30972.658,2332.4678
Rice,Indonesia,1991,10254765.0,45140068.0,42215.68,176.02843,871446.94,473222.97,205027.14,142305.02,38833.543,39274.184,33100.285,2366.9463
Rice,Indonesia,1992,3970298.5,39033332.0,49203.535,335.67197,885479.8,416100.2,402385.9,244221.11,23341.742,33225.89,29029.242,4385.8413
Rice,Indonesia,1993,10794027.0,51060740.0,48293.953,172.14275,562315.3,396211.06,401431.1,179991.08,50232.355,65989.6,39576.61,1940.3782
Rice,Indonesia,1994,10497812.0,49721384.0,49614.824,174.76068,573045.06,378303.84,752482.7,282461.47,53840.895,72513.195,45328.926,2120.4316
Rice,Indonesia,1995,5273417.5,30948016.0,36077.72,334.16962,1056934.0,425536.44,2669398.0,1219698.0,59576.527,65399.78,53222.36,5693.048
Rice,Indonesia,1996,8890397.0,33257862.0,46773.773,136.89871,575606.56,205042.66,2433633.5,882227.6,51883.918,77905.9,58198.016,2523.5635
Rice,Indonesia,1997,9196074.0,31324600.0,45090.688,137.26556,401957.72,192535.36,685126.7,219741.3,35943.418,59232.32,40660.88,1829.71
Rice,Indonesia,1998,9898729.0,43901876.0,48902.453,147.62265,562810.44,239125.52,2662010.8,1062388.8,69311.45,85514.63,64973.17,1938.6293
Rice,Indonesia,1999,767379.4,6570412.0,35044.96,287.7679,515512.66,116207.08,207790.9,94162.12,6357.7373,9973.879,11854.132,2968.601
Rice,Indonesia,2000,9588496.0,23818376.0,26818.387,174.08908,675169.3,298999.6,1533493.0,651146.56,51176.97,59811.63,45513.426,4430.5977
Rice,Indonesia,2001,6142158.0,50176180.0,53748.906,363.8732,442645.53,378803.0,786648.5,317715.88,34812.29,71439.75,32239.488,5056.7183
Rice,Indonesia,2002,10243749.0,48396420.0,52154.633,156.00989,448364.97,247212.69,2019701.1,670125.44,64315.23,85787.64,58490.68,1939.7512
Rice,Indonesia,2003,10318158.0,49222276.0,52401.75,158.25551,438149.88,249866.84,1899841.9,622065.7,63864.574,85751.87,57565.082,1918.6753
Rice,Indonesia,2004,4727923.5,44093136.0,50139.566,355.05444,914952.56,479257.06,357496.44,235793.19,24917.018,36359.207,29089.068,4360.272
Rice,Indonesia,2005,8541441.0,23767330.0,37701.035,135.31996,700832.9,239031.31,257724.55,137324.36,25927.496,27126.607,33167.516,1869.2848
Rice,Indonesia,2006,10853500.0,49467816.0,43905.168,166.53561,861885.94,481641.8,270322.12,173906.56,46731.523,49141.68,35346.86,2223.8926
Rice,Indonesia,2007,10474352.0,48539716.0,45634.41,187.65102,949646.2,485631.4,930300.3,436157.12,56696.363,63792.953,45514.223,3034.371
Rice,Indonesia,2008,4795277.0,47119950.0,51355.273,417.4202,901233.44,542727.2,321924.7,227189.8,24748.928,39964.582,28112.902,5113.8794
Rice,Indonesia,2009,10943464.0,52077876.0,45908.438,188.90875,873274.5,549021.44,221660.48,150513.73,48829.09,51794.87,34994.633,2459.9243
Rice,Indonesia,2010,10808303.0,51789852.0,46416.598,201.16992,927245.06,548158.4,447906.56,256920.75,54004.723,59532.637,39843.723,2911.384
Rice,Indonesia,2011,9444609.0,48819930.0,51912.863,265.71808,1661948.1,878240.94,1900079.2,738458.25,67220.914,78179.3,66420.88,2746.2046
Rice,Indonesia,2012,10276730.0,47349250.0,46163.617,160.3204,736013.6,326078.9,1345689.0,572938.5,57840.24,67134.445,46949.56,2705.7961
Rice,Indonesia,2013,10611330.0,53743224.0,48837.84,278.58084,1286640.4,889830.2,412789.03,236524.42,56818.613,61770.535,46265.57,2561.7395
Rice,Indonesia,2014,4411295.0,48575270.0,52080.426,577.63007,1157845.5,756622.75,719095.9,420001.72,31723.697,54055.836,35963.766,6554.814
Rice,Indonesia,2015,4970085.0,51737676.0,51856.28,659.8487,1024789.56,872216.25,314389.8,262816.03,24667.898,49700.17,27352.273,7626.572
Rice,Indonesia,2016,8358702.5,16714754.0,17189.412,322.79892,1643802.4,661961.44,329987.34,284181.2,35392.41,20536.521,26669.385,6893.6885
Rice,Indonesia,2017,10532061.0,51272210.0,46911.285,221.84302,930729.7,586175.06,314987.94,198036.7,48879.152,54383.45,37796.703,2936.4685
Rice,Indonesia,2018,653979.8,7809706.5,40515.21,318.0801,481493.97,113754.664,207741.47,90404.21,6031.463,11868.29,12544.103,3147.6687
Rice,Indonesia,2019,4592563.5,47191580.0,50945.527,462.0992,841486.8,560101.44,253727.36,203984.05,21207.746,38842.977,24942.393,6036.8716
Rice,Indonesia,2020,10549936.0,51423616.0,46265.5,224.54436,856569.06,554829.25,201236.48,150954.3,44547.305,48772.062,33553.57,3000.0964
Rice,Indonesia,2021,10341919.0,50888656.0,48320.29,204.36649,947607.2,563814.7,347000.2,196872.77,47663.125,54433.99,39541.492,2283.3875
Rice,Indonesia,2022,10840625.0,42714496.0,22358.936,280.0994,1615878.9,984253.25,242603.39,260620.61,50597.88,30657.684,31569.834,5441.038
Rice,Indonesia,2023,948823.8,3115095.8,14957.182,443.00052,753950.0,167737.34,154406.08,103401.23,7801.3994,4759.561,7835.0996,5274.502
Rice,LaoPeople'sDemocraticRepublic,1961,1126653.5,3460575.0,15307.245,408.50717,739363.44,169793.34,157092.22,104502.99,8656.966,5127.1035,8522.445,4999.0156
Rice,LaoPeople'sDemocraticRepublic,1962,956512.7,3217943.8,15220.75,433.9728,736327.9,165669.98,157266.67,103385.945,8138.0327,4881.7515,8079.6606,5158.789
Rice,LaoPeople'sDemocraticRepublic,1963,969976.6,3208792.5,15155.612,434.8148,760925.9,170486.31,182009.72,116039.12,8693.079,5142.5327,8590.959,5353.285
Rice,LaoPeople'sDemocraticRepublic,1964,1215838.1,3577777.0,15113.242,410.702,746673.2,173858.45,156641.53,105515.625,8996.908,5214.708,8386.553,5243.297
Rice,LaoPeople'sDemocraticRepublic,1965,1240751.2,3653227.2,15400.716,397.46768,763365.06,177649.7,173757.0,114204.67,9444.328,5481.965,9276.67,5026.3735
Rice,LaoPeople'sDemocraticRepublic,1966,1222842.0,3629436.2,15209.163,412.2504,760767.6,177308.9,165123.22,111473.12,8867.233,5355.4697,8473.706,5357.8677
Rice,LaoPeople'sDemocraticRepublic,1967,1260712.0,3651433.0,15244.161,399.69885,774985.4,181167.1,171133.67,113315.42,9581.879,5417.1934,9289.157,5049.175
Rice,LaoPeople'sDemocraticRepublic,1968,1125025.5,3656460.5,16419.117,383.98932,705922.25,161160.81,170490.23,107907.516,8768.53,5579.219,9195.093,4674.52
Rice,LaoPeople'sDemocraticRepublic,1969,1125667.5,3833645.0,17021.318,381.8211,676616.44,155322.66,170155.06,106618.59,8559.957,5809.972,8875.61,4747.8184
Rice,LaoPeople'sDemocraticRepublic,1970,1128456.2,3836291.5,17242.572,371.45218,694193.75,158521.6,176598.28,109000.19,8788.837,5874.2964,9544.28,4506.289
Rice,LaoPeople'sDemocraticRepublic,1971,937408.94,3433081.0,16597.791,404.91177,695983.25,155985.64,173682.95,107548.72,8101.1606,5400.5195,8780.04,4763.647
Rice,LaoPeople'sDemocraticRepublic,1972,1133323.9,3727289.0,16710.195,378.11383,705015.4,160963.05,177699.58,110825.53,8910.088,5753.7446,9477.712,4621.165
Rice,LaoPeople'sDemocraticRepublic,1973,1081843.0,3685646.5,17099.889,375.5632,698067.0,156862.75,174387.1,108399.516,8275.494,5736.9243,9183.737,4604.2065
Rice,LaoPeople'sDemocraticRepublic,1974,1119228.8,3812727.2,17129.195,376.89575,701642.2,159791.77,168978.11,106607.15,8391.004,5746.5503,9189.357,4596.8633
Rice,LaoPeople'sDemocraticRepublic,1975,1101300.2,3699202.8,16800.809,382.85464,671193.3,152831.19,166204.92,104297.87,8419.243,5655.955,8731.013,4734.613
Rice,LaoPeople'sDemocraticRepublic,1976,1082095.8,3668891.2,16606.324,391.58282,678929.94,154916.34,170755.4,107181.305,8503.389,5651.2485,8677.509,4870.4873
Rice,LaoPeople'sDemocraticRepublic,1977,1073058.0,3656621.0,16888.658,382.3779,709372.0,159998.22,178025.2,110857.234,8403.552,5712.1816,9222.93,4692.7007
Rice,LaoPeople'sDemocraticRepublic,1978,1098793.9,3589700.5,16403.494,381.88348,692094.6,156448.0,169231.4,107163.45,8539.082,5550.7236,9066.526,4625.98
Rice,LaoPeople'sDemocraticRepublic,1979,1173965.8,3602051.0,15264.649,418.3992,756411.06,175086.6,183844.86,121560.23,8892.247,5591.4316,8537.381,5576.1484
Rice,LaoPeople'sDemocraticRepublic,1980,1155403.4,3935988.5,17375.707,367.90286,688350.0,158412.2,162439.08,102224.23,8711.179,5755.2456,9502.887,4356.6445
Rice,LaoPeople'sDemocraticRepublic,1981,921256.6,3744167.2,18014.744,392.75513,679624.4,152708.05,160554.9,99600.01,7481.5605,5559.5977,8727.948,4502.9033
Rice,LaoPeople'sDemocraticRepublic,1982,1209796.8,3555897.5,15096.029,405.75824,770864.1,179703.8,161592.66,107852.8,9400.558,5201.084,9049.5625,4971.9385
Rice,LaoPeople'sDemocraticRepublic,1983,1143387.9,4111054.8,18059.025,368.2403,657562.6,152053.3,172123.11,105565.25,8617.284,6149.03,9223.168,4543.099
Rice,LaoPeople'sDemocraticRepublic,1984,1100499.1,4569153.5,20463.346,348.96527,640968.6,147146.55,178185.69,104977.984,7995.538,6751.2275,9518.212,4266.971
Rice,LaoPeople'sDemocraticRepublic,1985,936558.44,4315718.5,20839.324,355.42773,639736.25,145210.9,175438.28,100325.32,7873.1675,6418.774,10009.437,3926.4238
Rice,LaoPeople'sDemocraticRepublic,1986,1132048.4,3344751.8,14935.18,409.5507,767716.7,175852.88,156366.92,103821.41,9052.861,4949.761,8859.621,4905.889
Rice,LaoPeople'sDemocraticRepublic,1987,1083057.4,4673317.0,21516.104,329.9765,636612.7,146237.06,177406.42,100886.52,8397.51,6838.2876,10742.776,3710.3572
Rice,LaoPeople'sDemocraticRepublic,1988,927140.0,4028506.2,19682.998,363.54562,654863.6,147416.84,170861.16,99543.39,7880.4556,6031.924,9764.09,3992.876
Rice,LaoPeople'sDemocraticRepublic,1989,932443.25,4574174.0,22305.158,340.57904,625062.8,141921.33,180149.77,99838.56,7861.0547,6790.1553,10515.885,3699.2607
Rice,LaoPeople'sDemocraticRepublic,1990,1129024.1,4869991.0,21969.574,322.84747,635568.9,147147.19,179496.98,101638.88,8619.297,7054.221,11111.154,3635.6548
Rice,LaoPeople'sDemocraticRepublic,1991,1125959.2,3441764.5,15181.508,412.70963,768429.56,176689.78,159943.25,107868.555,8611.111,5110.869,8721.878,5043.5166
Rice,LaoPeople'sDemocraticRepublic,1992,1092552.0,5241197.0,24203.025,307.60443,612710.0,141477.86,187094.08,101210.85,8442.22,7611.609,11696.876,3390.573
Rice,LaoPeople'sDemocraticRepublic,1993,1040793.56,4436387.5,21490.598,324.02673,626564.8,141300.73,178814.33,99828.734,8264.127,6727.568,10820.524,3616.0286
Rice,LaoPeople'sDemocraticRepublic,1994,1159898.2,3527409.0,15216.46,411.51154,771594.2,178881.44,158213.52,107648.42,8736.758,5151.8506,8817.669,5037.753
Rice,LaoPeople'sDemocraticRepublic,1995,1125988.8,3574260.5,15213.544,445.1131,817377.75,195998.48,164242.98,109289.04,9582.499,5305.3857,9547.123,4956.542
Rice,LaoPeople'sDemocraticRepublic,1996,887174.9,4915821.5,23777.242,362.63092,665546.6,156525.45,189067.75,102023.73,8180.8774,7358.702,11548.341,3593.126
Rice,LaoPeople'sDemocraticRepublic,1997,1104149.6,5394593.0,24879.674,299.97708,614413.0,141687.61,191238.28,102141.71,8529.1,7796.7407,12133.917,3274.2336
Rice,LaoPeople'sDemocraticRepublic,1998,1073699.9,5530919.5,24991.47,328.05637,656882.8,156781.11,204084.64,108425.89,8992.878,8240.65,12757.756,3439.7356
Rice,LaoPeople'sDemocraticRepublic,1999,1145150.0,5888918.5,26285.848,298.4905,615631.75,145685.6,193865.77,102229.3,8813.138,8382.659,12807.745,3184.9502
Rice,LaoPeople'sDemocraticRepublic,2000,1056517.2,5520420.0,26516.885,296.76712,567685.9,130340.27,199939.39,101343.65,8123.008,8429.176,11519.072,3332.825
Rice,LaoPeople'sDemocraticRepublic,2001,1146955.8,6187314.5,27272.486,296.6545,574472.5,135991.36,196782.53,102473.195,8448.485,8777.229,11798.143,3389.1936
Rice,LaoPeople'sDemocraticRepublic,2002,1068687.0,5767348.0,28356.346,272.46933,582074.06,132184.1,208696.62,101884.82,8379.339,8784.279,13386.573,2850.4556
Rice,LaoPeople'sDemocraticRepublic,2003,1172377.0,6288751.0,27468.895,292.70685,560967.9,133444.9,194574.97,101273.64,8480.164,8893.148,11762.364,3373.7104
Rice,LaoPeople'sDemocraticRepublic,2004,1190154.5,6530101.0,28961.316,273.24008,585374.4,138228.6,208368.92,104887.555,8901.505,9299.626,13763.602,2956.1392
Rice,LaoPeople'sDemocraticRepublic,2005,1164207.0,6744179.0,30255.273,265.16803,584891.5,137055.84,206683.34,102075.164,8673.462,9414.981,14074.053,2757.3008
Rice,LaoPeople'sDemocraticRepublic,2006,1174372.4,6975921.0,30982.312,264.56967,563639.1,133618.03,204837.22,101057.42,8673.119,9732.096,14068.994,2807.5042
Rice,LaoPeople'sDemocraticRepublic,2007,943263.25,6631997.0,32085.729,277.08264,549125.1,127452.03,211063.16,100300.26,7877.7183,9560.606,13547.958,2840.155
Rice,LaoPeople'sDemocraticRepublic,2008,1189580.9,7392624.5,32574.39,256.29178,553705.56,131883.27,212913.95,102486.86,8775.89,10318.192,14707.944,2720.5632
Rice,LaoPeople'sDemocraticRepublic,2009,1077691.5,6528894.5,32132.115,250.63028,531611.75,120966.8,211713.8,99011.805,8144.1094,9807.687,14157.051,2650.3718
Rice,LaoPeople'sDemocraticRepublic,2010,1076443.6,6069484.0,30133.375,258.3726,551162.8,124116.266,211129.56,101596.92,8219.324,9192.752,13743.162,2813.7126
Rice,LaoPeople'sDemocraticRepublic,2011,1090354.9,7706326.0,32698.906,313.6001,634218.94,162012.19,221475.64,108605.28,9357.58,10978.174,15617.895,3048.6155
Rice,LaoPeople'sDemocraticRepublic,2012,1017048.9,6629078.5,31675.639,296.50403,598248.0,144220.64,217559.22,104008.04,8704.478,10173.368,14849.029,2958.5503
Rice,LaoPeople'sDemocraticRepublic,2013,1087333.5,6490108.0,31968.875,251.45491,523100.88,119340.06,209603.25,98939.92,8189.1455,9783.5625,14084.372,2743.489
Rice,LaoPeople'sDemocraticRepublic,2014,1125142.1,7244760.5,35037.25,231.34512,532692.75,121460.3,224645.55,99259.15,8359.895,10800.986,15732.15,2283.43
Rice,LaoPeople'sDemocraticRepublic,2015,1091596.6,7165450.0,35004.523,237.78432,503615.34,115524.48,212056.5,96580.6,8054.056,10622.203,14908.446,2539.109
Rice,LaoPeople'sDemocraticRepublic,2016,1328843.1,9048045.0,36522.69,238.76181,538345.7,131481.89,257727.48,119719.87,9433.781,12832.186,16822.291,2745.307
Rice,LaoPeople'sDemocraticRepublic,2017,1469528.1,4258099.5,15692.3125,387.8781,813502.25,200871.45,173840.1,116483.19,11228.326,5875.482,10899.192,4659.5874
Rice,LaoPeople'sDemocraticRepublic,2018,1107710.8,7329960.5,35561.07,230.09831,535565.7,121554.04,240694.66,104579.28,8428.275,11203.15,16181.187,2282.896
Rice,LaoPeople'sDemocraticRepublic,2019,1203056.6,3416270.2,15106.227,400.10712,756784.44,175387.38,172675.05,113134.39,10130.767,5324.4443,9829.748,5248.241
Rice,LaoPeople'sDemocraticRepublic,2020,1226169.1,7703458.0,32569.924,267.47684,529226.4,127704.43,237453.36,115833.375,8819.672,11126.604,13540.734,3378.6667
Rice,LaoPeople'sDemocraticRepublic,2021,1045745.7,7021834.5,34224.79,250.40427,528605.5,119058.45,232986.83,105812.62,7397.511,10743.83,13164.765,2815.6587
Rice,LaoPeople'sDemocraticRepublic,2022,1078299.6,3758430.2,15361.279,458.28882,787097.6,185766.4,167656.95,115475.79,8612.699,5352.77,8124.0,5780.912
Rice,LaoPeople'sDemocraticRepublic,2023,959102.94,3098576.2,15168.938,423.54877,762604.0,169147.02,160194.06,104136.38,8126.5557,4857.5596,8797.713,4777.405
Rice,Malaysia,1961,1108824.5,4632382.0,22465.531,299.58966,704559.9,156759.48,311427.75,152923.56,10651.55,8466.3545,14917.56,3559.8845
Rice,Malaysia,1962,1148024.5,3561726.2,15972.454,384.8548,827362.7,185379.11,254690.27,152668.7,10199.693,6247.149,11527.647,4951.763
Rice,Malaysia,1963,1009968.6,4511603.5,21330.342,332.8591,656550.8,150198.73,201107.38,110574.64,8970.324,6997.986,11990.27,3521.4478
Rice,Malaysia,1964,1178835.4,3552658.2,14882.753,425.11,755531.25,177831.6,158571.61,103757.266,10081.649,5111.8716,8568.092,5346.5737
Rice,Malaysia,1965,1046081.44,4567111.0,23331.178,298.7807,700197.44,153738.55,288321.34,141867.22,9440.428,8372.357,14210.293,3508.6936
Rice,Malaysia,1966,1137469.9,4666953.0,20570.428,338.95532,620474.2,144180.36,186408.7,106595.805,8893.857,6959.4697,10283.539,4015.0212
Rice,Malaysia,1967,1204665.9,3720024.5,16273.423,375.69632,820842.2,187366.36,267913.12,158469.9,10708.463,6663.362,12199.234,4835.432
Rice,Malaysia,1968,1219503.9,4992495.0,22945.885,291.22525,687041.2,157575.38,296053.44,146470.05,11195.45,8829.053,15563.672,3355.7358
Rice,Malaysia,1969,1218019.1,5177783.0,23872.486,285.7698,671791.0,154694.69,291783.84,142972.25,11117.414,9032.783,15806.263,3276.1133
Rice,Malaysia,1970,1286395.0,3771331.8,16091.617,366.92825,808743.3,189606.12,252074.97,145912.72,12573.314,6480.601,13270.633,4509.2886
Rice,Malaysia,1971,1331604.5,3824673.5,15894.81,366.6418,810844.06,191532.97,230248.03,137298.0,12316.75,6291.038,12843.152,4379.4517
Rice,Malaysia,1972,913372.8,4765581.0,23349.791,344.5207,618291.5,138807.95,229003.48,121576.66,7736.179,7778.0366,10296.352,4311.9917
Rice,Malaysia,1973,1301494.1,3582285.2,15189.054,377.08893,786897.9,184145.81,188676.44,119782.08,11236.008,5651.29,11320.56,4508.968
Rice,Malaysia,1974,1330503.5,6307689.5,27638.67,258.18527,656135.75,152957.83,365458.84,166921.98,11934.521,11383.06,18533.305,2989.9746
Rice,Malaysia,1975,1116141.8,3540544.5,15603.238,399.48358,784481.3,183041.73,216845.53,130897.04,11369.589,5869.6284,11616.649,4738.287
Rice,Malaysia,1976,1207696.4,5800470.5,25730.65,297.2957,568799.6,135725.38,257269.89,126547.484,10126.033,9592.515,12998.319,3724.7305
Rice,Malaysia,1977,981940.0,4970377.5,25020.584,293.8505,656714.2,146689.84,279321.75,135787.86,9849.22,8506.659,15331.941,3222.5242
Rice,Malaysia,1978,1054254.6,3401619.8,16204.729,385.56888,782771.2,178580.36,272306.25,150360.08,12192.664,6387.88,13105.674,4774.8677
Rice,Malaysia,1979,1407097.6,3950159.0,15448.106,380.74622,785374.56,190677.98,189551.83,122502.19,12160.995,5971.2534,11884.371,4682.4395
Rice,Malaysia,1980,1000987.1,5068529.5,25454.562,305.72415,564607.7,125788.03,214961.3,111188.01,7636.06,8223.821,10717.692,3948.4448
Rice,Malaysia,1981,1092391.9,5863872.0,27981.197,270.68875,652768.4,149997.53,361387.7,160822.8,11188.616,10849.386,18365.557,2904.8115
Rice,Malaysia,1982,1327286.9,6226231.0,27888.73,252.53455,672312.75,156337.0,404912.22,178797.83,12694.597,11849.389,20295.787,2867.435
Rice,Malaysia,1983,1263940.8,5696779.0,26132.166,268.90997,642036.8,149559.95,347692.66,162501.47,12064.005,10604.766,18305.822,3234.9194
Rice,Malaysia,1984,1260789.5,5602613.0,25994.324,267.23798,659417.06,152370.9,388505.66,177514.16,12523.787,10981.303,19130.184,3258.2686
Rice,Malaysia,1985,1274652.8,5863106.5,27141.025,259.3824,654010.7,151837.8,388631.94,174214.83,12605.696,11331.214,19830.184,3066.3362
Rice,Malaysia,1986,1261906.1,5641784.5,25038.004,280.74002,623777.3,149278.73,219604.39,113912.81,10754.955,8686.575,15971.62,2937.09
Rice,Malaysia,1987,988438.0,5095407.5,25395.732,303.50613,655594.6,149500.05,260058.64,130947.52,9132.407,8766.412,14894.868,3376.5715
Rice,Malaysia,1988,1235085.4,5470035.0,25749.637,269.97592,646914.7,152049.72,292136.25,138593.97,11943.664,9622.606,18357.277,2956.344
Rice,Malaysia,1989,1409717.4,3963529.5,16354.09,350.31168,794002.2,188686.52,315897.6,177326.75,14577.762,7593.714,15669.346,4667.6025
Rice,Malaysia,1990,1279023.9,6231788.5,26727.979,294.432,539889.5,130948.04,347657.25,161646.25,11576.01,11742.711,14221.343,4285.4043
Rice,Malaysia,1991,1318952.2,6208762.0,28247.303,253.2117,629884.75,148494.73,396600.7,177283.14,13031.045,12047.44,20995.602,3055.8857
Rice,Malaysia,1992,1089532.4,6042670.5,29730.117,261.0265,612356.0,141707.89,426082.9,182421.88,12147.891,12288.943,20854.844,3090.853
Rice,Malaysia,1993,1214709.0,5901878.5,29377.234,243.68784,597352.4,136981.27,394243.25,169494.31,12349.924,12023.108,21163.887,2895.4336
Rice,Malaysia,1994,1338263.0,6526719.5,28111.514,263.53238,577537.44,141420.83,249259.17,125117.51,11368.034,10391.327,18063.63,2944.047
Rice,Malaysia,1995,1318216.0,6785687.5,30964.686,242.5398,592529.06,140932.62,427633.53,184991.47,13191.548,13478.113,22527.299,3039.7966
Rice,Malaysia,1996,1132150.0,7063923.0,31208.291,291.63495,508353.3,121966.016,526933.1,220143.64,11908.958,15442.247,16190.126,4807.036
Rice,Malaysia,1997,1178959.6,7025077.0,30475.256,290.72476,541438.44,129500.66,577806.5,238915.53,12534.701,15802.056,17025.352,4677.0205
Rice,Malaysia,1998,1386242.4,6776993.5,28003.336,268.27145,623547.06,151084.44,285667.34,147177.61,10598.351,11314.971,17824.666,3184.3784
Rice,Malaysia,1999,1270822.0,3639848.5,16414.262,345.41034,869856.3,190913.27,361895.7,208863.77,12257.197,7358.323,15893.881,4989.0864
Rice,Malaysia,2000,1408084.8,7094454.0,32017.656,228.95755,631942.44,150120.67,569710.25,230783.92,15089.44,15699.265,26714.824,2860.9026
Rice,Malaysia,2001,1137003.1,6537447.0,32085.232,244.57794,614595.44,143996.4,507479.56,205153.1,13381.671,14238.228,24681.652,2861.421
Rice,Malaysia,2002,1180921.0,6212198.0,32651.678,226.00188,593438.7,136859.34,431736.25,170658.73,13139.139,13267.029,25085.467,2487.8562
Rice,Malaysia,2003,1288450.5,7520683.5,33529.125,252.2202,634455.5,159120.62,431118.66,181308.72,14030.447,14820.39,25912.695,2745.2754
Rice,Malaysia,2004,1324298.6,7713249.0,35568.996,222.11775,709655.94,173606.08,507085.94,189339.5,15330.304,15709.379,30731.473,1973.4333
Rice,Malaysia,2005,1303807.0,7751910.5,32446.762,269.8496,594328.9,150497.52,290256.0,143239.47,10808.345,13011.962,20209.812,3101.982
Rice,Malaysia,2006,1338101.4,7861364.5,31902.287,277.7926,589199.4,150164.62,321267.34,161334.11,11083.476,13788.407,20200.926,3471.395
Rice,Malaysia,2007,1082037.4,7128373.5,35207.87,255.33998,617587.06,144378.78,757270.25,292274.03,14613.365,18651.805,29207.691,3540.084
Rice,Malaysia,2008,1810870.6,10027145.0,32292.398,268.98376,596585.44,159940.36,614490.25,298577.7,15528.303,20944.127,25602.814,4090.4841
Rice,Malaysia,2009,1586520.5,9357641.0,33455.67,268.00595,557500.7,148887.83,460733.0,222235.94,14072.237,18093.88,24241.076,3756.8398
Rice,Malaysia,2010,1515059.5,8936630.0,32705.988,281.9893,550250.94,148124.9,425640.47,210227.75,13803.723,17190.586,23349.596,4016.473
Rice,Malaysia,2011,1682463.9,10435071.0,37628.68,245.35924,674320.7,168987.33,1159632.0,471948.0,19895.771,27526.848,37089.777,4308.6665
Rice,Malaysia,2012,1683011.8,10543209.0,37981.305,243.49194,663512.8,166828.25,1148105.6,466153.56,19793.842,27710.553,37143.64,4265.2812
Rice,Malaysia,2013,1548347.4,4532401.0,16108.89,429.49927,761551.56,201882.03,349765.9,225155.56,15670.845,9687.144,16671.812,6999.9946
Rice,Malaysia,2014,974196.0,7506653.0,41919.676,192.80371,572989.7,122878.43,552510.7,198649.42,12074.67,15782.83,31197.898,2324.1396
Rice,Malaysia,2015,1262203.8,8639655.0,37102.01,248.26141,785738.9,180948.94,948343.8,389541.1,16142.139,20984.129,35242.15,3676.2275
Rice,Malaysia,2016,1408025.5,8473492.0,38604.844,182.13991,778690.44,168578.36,818276.8,298397.72,15550.703,18806.412,37135.46,1829.9738
Rice,Malaysia,2017,1568365.9,9993022.0,35723.895,281.45233,436716.34,113399.3,706015.25,293938.8,14739.364,22817.697,18700.49,6623.758
Rice,Malaysia,2018,1639596.5,10989245.0,41415.652,210.54062,798965.75,207162.03,1137191.1,398939.94,21422.86,28771.88,44763.293,2105.1838
Rice,Malaysia,2019,1245676.1,4526296.0,18878.43,423.326,933334.25,227216.56,824938.0,420566.56,17577.555,13893.102,24734.385,7192.604
Rice,Malaysia,2020,1629142.4,9888208.0,34092.934,306.1588,537792.44,135060.5,1105073.4,462836.6,17412.893,27342.193,23483.0,7094.8394
Rice,Malaysia,2021,986473.9,7728924.5,37545.152,267.93842,724011.7,163629.38,681933.5,249403.08,11695.862,17314.959,22278.777,3333.6003
Rice,Malaysia,2022,1103360.6,4578635.0,18998.697,451.90256,1069531.9,257364.11,592946.4,294480.03,14258.362,10326.816,16938.572,6460.6533
Rice,Malaysia,2023,1145623.8,3162248.0,15089.519,365.42407,814425.0,184008.88,187214.9,105760.27,13547.719,5073.763,14360.433,3424.8774
Rice,Myanmar,1961,4297776.5,7256331.0,16116.088,247.38022,1521231.9,408154.75,185346.73,141296.62,23495.355,7920.3184,26240.219,2629.3718
Rice,Myanmar,1962,4371221.5,9206355.0,20310.63,215.92128,924445.2,274643.47,196213.22,128459.2,24373.78,9930.84,27367.54,2219.7312
Rice,Myanmar,1963,1435103.4,5854156.5,21310.916,346.42853,1236443.2,281400.97,188670.22,127165.266,10604.283,6947.7915,17686.037,3128.0378
Rice,Myanmar,1964,3795654.0,7470000.5,20739.072,209.93597,1362566.1,332555.62,187243.67,130059.164,16248.396,8975.066,25395.328,2231.9238
Rice,Myanmar,1965,4690361.0,9294225.0,20096.102,207.60364,1351655.6,370239.8,188094.34,134696.67,23983.494,9343.982,30610.809,2013.9092
Rice,Myanmar,1966,4376725.0,8495711.0,19476.492,214.45319,1235464.6,338933.53,202936.31,138649.97,24234.953,9389.645,29967.5,2096.8064
Rice,Myanmar,1967,4093050.2,9757098.0,20608.248,261.78073,856297.56,246081.42,181899.36,132888.62,16481.28,10581.247,15715.936,3979.548
Rice,Myanmar,1968,4452944.5,7497725.0,16180.569,231.63383,1052668.4,305273.22,173518.66,124597.06,25854.29,7748.655,25683.166,2439.4001
Rice,Myanmar,1969,4571878.0,7947409.5,16695.938,232.2,1045980.94,312534.38,190275.61,132127.44,27571.105,8610.179,27214.436,2455.3513
Rice,Myanmar,1970,1452874.4,4876070.0,17134.596,386.71085,1096250.2,266589.8,173174.5,121425.68,11580.634,5973.9243,15825.455,3540.719
Rice,Myanmar,1971,4539110.5,9862433.0,19443.957,248.59258,917891.9,267667.75,189197.34,129056.54,24611.719,10055.101,19740.766,3511.0933
Rice,Myanmar,1972,4395589.5,8906594.0,20456.605,204.88539,1014041.6,289031.16,211231.19,135349.7,26301.795,9917.255,31741.94,1919.8864
Rice,Myanmar,1973,4292358.5,10477526.0,21408.39,252.87863,752839.25,224949.38,187628.53,131913.67,17303.67,11496.465,15802.839,3950.7302
Rice,Myanmar,1974,1202111.5,3684829.0,14881.37,438.85657,779303.3,190734.56,192544.12,108801.734,15808.617,5654.5713,10727.203,5427.474
Rice,Myanmar,1975,4693997.0,10898253.0,23368.043,201.1141,1080840.1,313795.97,197116.92,134081.56,20963.416,11364.035,29025.268,2096.0928
Rice,Myanmar,1976,1547265.9,6775448.5,20449.05,388.00806,846131.0,226274.94,188107.34,111381.57,16486.246,7541.1426,13809.024,4410.085
Rice,Myanmar,1977,3969858.8,7599583.0,21243.34,188.41191,1023376.8,269604.03,216103.62,128374.23,25012.504,9426.603,34592.19,1589.8005
Rice,Myanmar,1978,5204050.0,11901152.0,23967.88,184.75151,990247.9,305473.56,222951.45,138744.7,30682.543,12181.9375,38096.746,1608.1097
Rice,Myanmar,1979,4927354.0,8861395.0,16983.398,230.55441,1294264.5,393555.72,195105.08,140016.45,31836.967,8953.9795,33040.195,2205.4792
Rice,Myanmar,1980,1725989.2,8854208.0,27794.713,262.63275,910934.5,256585.03,205393.02,112005.164,18138.098,8986.701,29121.893,1743.9006
Rice,Myanmar,1981,5103222.5,16990386.0,32955.42,182.231,1209410.8,376544.94,218341.14,142408.78,22328.67,15558.391,37756.266,1628.0486
Rice,Myanmar,1982,5588659.0,10751004.0,17516.656,229.54237,1410563.6,456664.6,194633.69,145898.61,35695.207,9817.83,36324.27,2151.5303
Rice,Myanmar,1983,1236457.5,5597514.5,28388.88,228.86157,886651.7,197830.19,262264.6,115918.766,15245.255,8718.912,30912.846,1412.6641
Rice,Myanmar,1984,5248288.5,15984832.0,31421.666,169.92383,1033443.4,335738.94,255344.22,138924.64,31678.002,15833.661,45738.77,1188.4528
Rice,Myanmar,1985,5567631.0,10771695.0,17716.79,223.78635,1171022.9,392893.62,198406.16,140814.5,37609.188,9992.619,36502.703,2092.721
Rice,Myanmar,1986,5273506.5,15428808.0,30752.383,167.03667,991552.44,317922.06,258922.25,138555.44,32330.123,15652.935,45966.176,1158.1945
Rice,Myanmar,1987,949041.25,4962463.5,28437.512,246.70592,858904.7,174739.81,198842.44,97678.5,8606.493,7188.0645,21718.166,1711.6948
Rice,Myanmar,1988,4837400.0,13310345.0,28427.453,168.43117,922450.2,285084.7,220556.47,124003.836,30868.814,12612.186,43066.734,1178.2955
Rice,Myanmar,1989,3874099.5,8759879.0,27432.152,156.4311,806969.44,213789.95,264602.06,125283.98,27746.97,11949.782,42858.754,1063.5746
Rice,Myanmar,1990,2020344.0,10406614.0,30993.771,234.38525,910296.0,265386.62,264378.75,128096.58,23473.412,11506.554,37451.242,1457.8384
Rice,Myanmar,1991,5101331.0,14354335.0,29577.822,167.2263,925810.6,300779.28,258269.22,134457.11,33162.445,15056.045,46324.523,1112.5583
Rice,Myanmar,1992,5416506.0,14674157.0,28584.52,164.44377,1002713.7,321082.38,213624.56,123604.68,32764.287,13187.896,45859.61,1089.6128
Rice,Myanmar,1993,6321357.0,11409197.0,17128.207,204.92361,1345954.4,444524.84,167950.38,130944.0,39399.31,9179.584,39620.77,1755.262
Rice,Myanmar,1994,6629063.0,19846444.0,32114.477,159.4608,1262078.1,449736.2,248291.34,139004.92,36633.477,18327.344,53070.54,953.0927
Rice,Myanmar,1995,6690655.0,18584458.0,30214.963,157.324,993561.44,357591.7,244720.97,133402.06,37872.2,17710.732,50484.73,999.17535
Rice,Myanmar,1996,6428969.0,18359718.0,30849.42,157.62567,938477.0,340053.7,249449.5,131125.39,37426.77,17833.92,50320.32,981.69775
Rice,Myanmar,1997,5765565.5,11326439.0,18410.012,212.29236,1460238.4,459578.8,153199.94,130248.7,25025.594,9262.084,31852.26,2065.8347
Rice,Myanmar,1998,5934257.5,19762178.0,35294.27,161.6061,1058577.2,355601.16,240687.62,141435.4,26453.44,18583.035,44351.527,1260.3303
Rice,Myanmar,1999,6979471.0,20784962.0,32258.7,152.24811,930199.06,355475.2,253440.4,130051.016,39530.06,19796.361,52772.348,891.14636
Rice,Myanmar,2000,4741478.0,11817500.0,33883.902,140.12599,932178.06,242681.3,256798.38,130223.7,21607.13,15065.339,43722.88,1017.13086
Rice,Myanmar,2001,5177604.0,11250257.0,30584.68,138.01624,1032178.44,281879.84,271904.3,127665.766,31483.72,14481.88,53498.785,748.0236
Rice,Myanmar,2002,7704666.5,26597770.0,33025.1,190.62285,883096.44,367185.22,281576.3,148674.12,41758.918,25323.18,35280.168,2272.7104
Rice,Myanmar,2003,7539340.0,24479502.0,34919.51,148.70325,1062943.5,426002.06,257023.6,132615.97,41280.203,22348.559,57081.168,797.3378
Rice,Myanmar,2004,8356611.5,17783326.0,18198.807,193.90424,1428722.5,590510.25,193950.34,143704.36,50228.918,14250.086,47825.824,1563.6832
Rice,Myanmar,2005,8478687.0,29248742.0,36493.33,143.48288,1018549.5,453765.44,248572.0,127857.35,44590.965,25899.475,58932.81,742.96454
Rice,Myanmar,2006,1080045.1,6360204.5,29975.445,264.27017,558695.9,132058.0,245594.89,97982.57,15007.065,9515.011,17382.566,2599.1575
Rice,Myanmar,2007,8732094.0,33815860.0,41216.754,146.55164,1262232.4,531502.9,218135.58,130480.09,34358.17,29145.213,52489.03,943.88354
Rice,Myanmar,2008,3286140.2,23486376.0,41397.32,217.27298,1083483.9,413958.16,268863.88,141213.55,30877.176,17598.99,51301.38,1109.7223
Rice,Myanmar,2009,8670338.0,33421304.0,40556.39,148.07956,1659809.9,650213.8,178553.45,122209.94,32385.555,24856.691,52556.56,915.707
Rice,Myanmar,2010,8593945.0,33444454.0,40566.137,147.49344,1309498.6,543710.06,171917.55,114399.305,32374.629,24662.213,50740.176,947.4041
Rice,Myanmar,2011,8657832.0,30345110.0,36993.516,141.82852,937075.75,434327.2,249468.16,125579.914,46032.965,27138.912,59699.84,732.7311
Rice,Myanmar,2012,1200023.6,5755043.5,32072.475,190.53345,826667.25,177428.08,277820.56,108485.336,17118.527,8839.112,40061.793,937.2975
Rice,Myanmar,2013,8481445.0,20803286.0,21060.43,196.75627,1656077.5,677911.7,178200.55,159715.42,36514.316,16091.8125,42661.875,1979.0659
Rice,Myanmar,2014,8164822.0,28476944.0,36417.176,148.0166,1959543.5,795048.2,196665.14,123874.39,40036.797,20911.418,63209.58,677.0038
Rice,Myanmar,2015,8288911.0,31798884.0,35733.15,190.12445,1364190.8,591493.6,217001.0,137643.7,40089.06,24509.93,39667.223,1919.0392
Rice,Myanmar,2016,8250907.5,31233736.0,36242.492,182.51875,713035.56,332626.88,296106.44,141097.08,45330.31,30735.348,36232.22,2181.352
Rice,Myanmar,2017,3143456.0,22861916.0,41795.324,232.27406,1402569.0,573968.6,271988.4,141172.1,31527.586,18547.455,56978.945,968.9884
Rice,Myanmar,2018,4353005.5,16487171.0,21850.447,367.47638,2642655.2,1027947.3,226407.73,175592.31,44023.54,11369.407,50566.613,2285.5088
Rice,Myanmar,2019,8452460.0,30168524.0,37915.71,150.458,2301295.5,958128.8,248648.4,142378.0,43595.098,26367.977,67553.305,632.9498
Rice,Myanmar,2020,5799723.0,13352546.0,33987.766,131.51782,1686752.0,484788.94,280527.25,131020.17,32298.566,17104.164,63618.535,546.78265
Rice,Myanmar,2021,8109411.5,33563292.0,39413.453,193.82248,1538675.5,617479.9,178191.78,149212.45,24401.719,24593.105,31852.133,2524.6716
Rice,Myanmar,2022,2136177.0,19513450.0,37220.047,384.68625,968901.56,349289.9,164229.14,120234.484,11550.837,14019.509,16581.262,3914.5637
Rice,Myanmar,2023,1011615.3,2941622.0,15376.679,370.3958,872972.9,182675.81,161105.98,99988.22,9114.724,4555.2104,12785.245,3333.9746
Rice,Philippines,1961,1204803.2,4378716.0,18874.043,337.10373,862829.25,202864.25,193182.52,115787.82,10724.253,6382.9287,16167.58,3008.16
Rice,Philippines,1962,3002518.2,6111957.0,18250.043,231.77608,879860.9,235743.2,213722.38,126144.55,22207.979,8142.5767,26554.45,2113.4834
Rice,Philippines,1963,2690079.8,5528399.5,18662.562,225.95541,901190.5,229666.06,296589.28,157579.69,22812.088,8867.677,29569.287,2136.5352
Rice,Philippines,1964,3121773.0,6257418.0,18286.842,227.35954,891016.4,240133.34,227131.42,132684.27,23408.984,8466.644,28038.266,2064.3518
Rice,Philippines,1965,2734474.2,5930125.0,19511.723,219.45685,992303.5,249348.55,341307.7,178991.52,24362.686,9093.926,32892.18,2081.4602
Rice,Philippines,1966,3053968.8,6327511.5,19174.23,219.63199,901246.06,241431.39,259597.95,142792.98,24568.068,9033.33,30689.72,1944.0309
Rice,Philippines,1967,3025531.8,6502102.0,16505.312,313.30972,808007.5,228968.92,298906.28,164273.4,26423.852,9798.727,17933.834,4947.897
Rice,Philippines,1968,3298019.0,6627955.5,19052.488,216.00314,915316.6,250511.05,228956.67,130828.766,25355.908,8784.5,31416.666,1819.5463
Rice,Philippines,1969,2784983.0,7881025.5,21081.258,288.47073,668774.0,186772.08,202036.1,128055.96,13921.555,10347.612,13385.841,4201.3354
Rice,Philippines,1970,1549880.5,5052562.5,15879.356,439.9244,729670.2,200638.1,214220.64,118509.71,20181.955,7147.0225,11949.336,5758.764
Rice,Philippines,1971,3023468.2,7663839.5,23741.498,207.00008,993592.06,258563.6,342957.0,183192.77,20265.164,11756.373,32551.63,2066.7178
Rice,Philippines,1972,2835150.0,6047927.5,20932.0,201.02255,931805.75,238801.94,397975.5,190043.95,27597.844,10713.6875,39097.863,1743.2605
Rice,Philippines,1973,3260604.0,6574902.0,18961.357,226.42119,1094381.6,288201.25,312704.2,186226.56,21510.096,9997.679,30776.066,2349.861
Rice,Philippines,1974,3727248.8,7683603.5,20746.71,198.16338,911336.0,259276.31,244918.08,135703.98,28981.16,9990.476,37263.746,1552.8015
Rice,Philippines,1975,3445150.5,6912842.5,19941.166,194.78937,986192.44,261109.19,236046.94,135931.39,26554.066,8490.202,36660.793,1499.9336
Rice,Philippines,1976,1762089.6,4861792.5,17321.314,302.77686,965980.9,253690.92,256102.17,133054.19,24712.64,7192.02,29100.762,2262.5603
Rice,Philippines,1977,3717501.2,7530445.0,15532.949,313.17,873443.25,262823.8,192399.84,123062.66,28795.357,8093.3267,16683.432,4626.1177
Rice,Philippines,1978,3919663.5,9246226.0,24322.355,182.71686,910625.6,267264.78,269081.72,140785.64,31106.984,11745.454,43494.266,1284.3448
Rice,Philippines,1979,3590788.8,8017753.5,22384.502,183.74127,1014231.25,274750.53,204315.42,118274.8,27202.04,8661.52,40536.7,1212.8805
Rice,Philippines,1980,1732380.9,8176971.0,24056.861,353.1086,613893.44,182590.08,269983.16,125232.98,22762.553,11394.978,16614.732,4401.9717
Rice,Philippines,1981,3703067.8,7560558.5,15434.542,318.43265,893907.5,270086.12,186772.69,119940.92,29643.182,7936.8477,16761.627,4623.408
Rice,Philippines,1982,3219783.0,5338987.5,17112.729,210.26257,1001763.9,267159.4,253148.14,135677.78,31147.166,8141.1494,39447.93,1493.0697
Rice,Philippines,1983,1550499.6,3694257.2,16897.736,273.52167,909608.3,218497.67,276987.56,127606.97,24849.8,6831.0396,32506.549,1808.3278
Rice,Philippines,1984,3960213.5,12337053.0,26075.633,244.00395,590524.9,194566.73,323613.3,151323.55,32892.895,16825.84,23637.979,3574.0295
Rice,Philippines,1985,3268990.2,10417039.0,28745.158,219.5302,593080.1,176129.81,556656.25,210927.61,33570.426,19602.545,29426.768,3341.6733
Rice,Philippines,1986,4044364.2,11585321.0,30260.549,163.70581,879897.3,274770.6,327597.6,143531.78,33763.25,15600.238,53176.21,885.00885
Rice,Philippines,1987,2776960.5,8220279.5,31013.406,167.70016,934263.6,235850.12,298844.9,139953.6,19288.354,12971.588,42918.09,1102.4286
Rice,Philippines,1988,3251180.5,7936600.0,28943.457,152.62978,838894.9,224983.45,417393.47,161046.0,31732.63,14605.521,54626.137,800.7315
Rice,Philippines,1989,2498257.2,6536323.0,27863.295,164.91568,1031436.8,225316.16,267197.97,130689.63,16681.174,9477.502,40325.8,1079.8545
Rice,Philippines,1990,3538521.5,13445135.0,38761.496,155.3171,1024673.1,296244.0,601841.9,234618.11,26910.977,22842.352,57041.234,1026.8593
Rice,Philippines,1991,4259191.5,15305140.0,30045.191,247.62404,580205.56,212787.95,366022.22,156351.44,36973.746,21445.95,27595.055,3312.8884
Rice,Philippines,1992,3447196.5,9637766.0,28172.129,169.95941,1112952.2,311311.53,240867.34,119829.44,32013.016,10401.07,55205.04,778.2346
Rice,Philippines,1993,3404167.8,5792550.5,18958.508,198.26509,1111599.9,311713.84,394166.47,182196.52,40089.23,10954.988,55419.617,1118.678
Rice,Philippines,1994,4297279.5,13273130.0,32613.303,164.01132,1027473.4,355436.97,391152.56,151462.34,40095.363,19105.387,64158.676,643.043
Rice,Philippines,1995,3704941.5,12363443.0,26411.63,262.71356,738907.4,243789.52,315608.56,153897.73,33768.63,15069.393,27160.045,3303.4028
Rice,Philippines,1996,3395900.2,9360725.0,32866.95,153.43813,1078780.2,317461.03,1192126.6,364720.62,44256.4,27912.875,73284.414,743.7461
Rice,Philippines,1997,2251393.2,14286147.0,34708.727,329.13278,653438.6,228590.67,1007459.25,334035.4,40489.695,30178.176,33925.332,4561.276
Rice,Philippines,1998,4028248.0,10390550.0,26313.639,169.35092,1563428.6,381971.78,2084388.1,929858.06,49510.598,34362.26,74910.05,1298.0342
Rice,Philippines,1999,4522911.5,13862873.0,35146.977,146.68526,1097051.6,372827.38,1064794.1,332922.53,48788.62,31076.986,75879.414,624.1006
Rice,Philippines,2000,5536806.0,13427300.0,19871.383,285.2135,770178.1,301309.6,641814.5,257236.34,57123.695,22885.873,31605.6,5033.3135
Rice,Philippines,2001,5015668.0,9696116.0,21880.346,172.34908,1347417.6,447073.06,760642.9,312272.75,53306.82,19720.156,70921.414,886.56024
Rice,Philippines,2002,2616537.2,7422264.0,24952.645,195.19902,1287089.6,354362.8,1197382.4,436890.0,48225.004,20247.244,69672.875,1173.4978
Rice,Philippines,2003,4638512.0,14888314.0,38399.406,131.3948,1008013.2,340181.66,1058271.1,303617.78,49211.254,32520.572,78929.69,459.27405
Rice,Philippines,2004,3994343.0,6613953.5,21499.053,161.47217,1258323.9,348249.4,1024465.75,381794.8,50387.305,19860.732,73443.16,819.323
Rice,Philippines,2005,4960320.0,19969212.0,34832.125,208.06454,943019.3,317944.5,1780331.0,625516.4,52042.215,41681.934,51529.324,3501.2117
Rice,Philippines,2006,3751425.5,8298731.5,29136.994,133.45894,1086897.9,271438.28,463053.28,174378.56,37322.06,14022.704,70379.46,450.64096
Rice,Philippines,2007,5094929.5,24140730.0,42656.35,207.68895,738111.6,312391.25,1825934.6,489311.22,59797.297,55028.754,57525.152,2692.5332
Rice,Philippines,2008,6125679.0,22848492.0,40178.81,123.87717,1624049.4,326649.62,2837798.2,1417586.6,59880.105,65084.082,84941.62,649.9039
Rice,Philippines,2009,1756594.5,14153096.0,48854.727,157.51482,1391945.1,411234.25,1749015.9,500101.53,34842.766,38548.383,80199.72,665.5
Rice,Philippines,2010,3943918.2,18497702.0,40437.742,211.54738,827731.5,283804.03,1995205.9,563755.2,58187.973,49489.504,60835.746,2579.1628
Rice,Philippines,2011,5909871.5,18857398.0,40441.355,121.15202,1085478.8,390990.12,1123360.4,326518.84,53549.02,38686.945,84014.055,326.4894
Rice,Philippines,2012,5546444.0,25569426.0,41210.95,230.08269,622413.9,306969.88,1289832.0,336532.94,60707.67,52337.703,51330.926,2791.4849
Rice,Philippines,2013,2795266.5,13197646.0,23917.113,461.95065,674606.8,248454.92,558882.9,307040.28,24927.777,22048.355,16659.041,9425.616
Rice,Philippines,2014,1973217.8,13143772.0,37528.57,303.20068,570509.94,182166.14,1558135.6,428197.88,46293.07,39192.426,42300.926,3813.0383
Rice,Philippines,2015,5597616.5,26177542.0,41861.254,229.06554,621837.5,311262.88,1403688.0,355005.06,62844.04,54883.145,53213.13,2773.8687
Rice,Philippines,2016,6252538.5,25552550.0,38720.883,197.4537,477988.16,228756.06,799023.44,205299.5,59376.773,44064.453,42071.973,2638.243
Rice,Philippines,2017,5738059.0,31188236.0,46660.246,233.21259,616185.94,283129.53,1351503.5,512689.9,33811.297,59981.13,40083.78,4395.713
Rice,Philippines,2018,4470948.0,8479627.0,15599.719,291.55014,923772.94,255701.31,363982.1,271668.5,18116.297,12383.421,14495.422,6543.2837
Rice,Philippines,2019,7092080.5,34302596.0,43286.246,171.5472,941147.75,291065.34,2821035.2,1260589.1,68531.195,74617.42,66933.56,2993.6074
Rice,Philippines,2020,6175906.5,20715950.0,25985.652,313.68945,986067.0,364987.7,2135500.5,981683.06,49460.16,51084.203,42259.55,7494.257
Rice,Philippines,2021,4180610.8,19444258.0,39471.137,184.96602,1319376.5,347465.28,2595336.8,1153770.0,37544.453,52611.973,58232.68,3417.4546
Rice,Philippines,2022,4972220.0,24461650.0,40857.195,189.26254,1350156.6,394292.22,2718042.0,1225396.6,45916.504,59975.72,60872.027,3028.69
Rice,Philippines,2023,956555.5,3170170.2,15068.777,442.89133,748369.2,168135.88,157734.05,104953.06,7940.707,4889.915,7881.7783,5328.0537
Rice,Singapore,1961,965051.75,3275246.8,15599.323,431.06537,805113.7,176587.8,233062.84,143487.58,8885.422,5764.543,9461.117,5622.3174
Rice,Singapore,1962,980771.06,3353581.0,15801.966,428.14676,811800.06,179324.98,245110.36,149398.2,9098.425,6019.6636,9765.85,5629.799
Rice,Singapore,1963,954323.94,3326797.2,16107.772,423.4611,814535.7,178531.25,258259.03,152160.33,9255.065,6120.196,10137.804,5558.3296
Rice,Singapore,1964,968687.9,3300231.0,15628.119,430.46353,769820.7,172017.64,221347.08,136440.66,8833.029,5754.539,9213.224,5548.7183
Rice,Singapore,1965,978735.44,3355503.5,15654.592,436.69388,780919.0,174215.56,226988.89,140153.89,8929.999,5861.844,9109.152,5775.0596
Rice,Singapore,1966,974496.94,3311952.8,15664.445,429.2397,788703.56,175110.7,228494.92,140733.62,8912.245,5827.5527,9421.915,5559.9624
Rice,Singapore,1967,978671.6,3314027.8,15606.215,430.09406,783012.7,174315.61,222709.98,138159.33,8843.343,5775.21,9281.753,5552.221
Rice,Singapore,1968,941422.6,3192393.8,15510.101,432.68192,784747.2,172481.14,210970.11,130758.04,8613.171,5463.2803,9106.885,5469.232
Rice,Singapore,1969,961906.2,3234673.2,15413.988,432.93842,782725.2,172834.86,208996.58,131402.31,8588.742,5486.3086,8978.31,5514.3433
Rice,Singapore,1970,973239.6,3216366.2,15014.798,449.6489,748715.5,168683.48,161821.92,109458.52,8073.4014,5000.0244,7872.9346,5704.622
Rice,Singapore,1971,956375.75,3253694.8,15588.719,436.6613,756791.75,168325.73,225103.6,139268.33,8931.74,5785.721,9115.434,5970.5103
Rice,Singapore,1972,959509.25,3278171.0,15684.944,437.0646,759131.25,168351.06,245300.72,149874.61,9194.309,6033.2466,9386.651,6234.195
Rice,Singapore,1973,923188.1,3136983.0,15194.491,456.46442,739927.2,163939.23,191575.39,124017.77,8434.625,5253.064,8066.568,6406.7666
Rice,Singapore,1974,981227.8,3255142.5,15195.615,449.7951,733175.75,164346.53,201185.92,131227.67,8679.969,5570.143,8324.754,6436.2856
Rice,Singapore,1975,970811.5,3258469.8,15155.617,460.16922,718353.44,161900.5,190212.58,124817.91,8580.316,5456.692,7859.975,6655.3306
Rice,Singapore,1976,959494.7,3216356.5,15300.872,449.10425,725742.2,162283.22,207194.0,132815.12,8772.342,5608.714,8451.568,6493.143
Rice,Singapore,1977,992583.0,3383801.2,15571.703,437.98483,758858.44,170879.97,218061.98,135790.72,8867.183,5830.77,8823.882,5792.964
Rice,Singapore,1978,958642.75,3185875.0,15128.691,458.56143,709030.8,158700.42,199386.06,130688.95,8712.726,5524.304,8083.961,6957.6367
Rice,Singapore,1979,957963.6,3182584.8,15106.409,462.73184,705928.25,157885.11,203112.38,133628.33,8786.663,5576.9863,8057.839,7253.824
Rice,Singapore,1980,990808.9,3308440.8,14744.536,496.12894,702507.3,161005.08,159219.7,114175.445,8351.078,5155.8965,6994.431,7812.625
Rice,Singapore,1981,912497.3,3064948.2,14991.422,476.94815,686566.75,153967.2,175753.69,118391.69,8487.501,5161.537,7576.6245,7494.0425
Rice,Singapore,1982,960213.44,3225779.5,14943.07,491.59137,677554.6,153298.52,192363.92,130816.68,8829.722,5556.687,7330.788,8504.685
Rice,Singapore,1983,954651.5,3212086.5,14921.345,496.46838,672260.0,152157.48,190466.97,130186.05,8840.199,5536.235,7250.267,8755.458
Rice,Singapore,1984,966258.56,3214569.5,14672.224,498.20938,686745.1,157155.06,152912.72,111059.266,8299.11,5008.243,7015.8223,8009.5825
Rice,Singapore,1985,949083.06,3198002.0,14953.726,492.58682,676762.94,153147.95,186100.61,126674.664,8754.932,5460.1797,7284.283,8411.275
Rice,Singapore,1986,916956.94,3044754.0,14806.654,484.31903,690371.8,153006.33,189744.5,129859.75,8595.79,5261.9766,7556.331,8274.841
Rice,Singapore,1987,953770.94,3232926.5,15599.39,427.98392,758291.0,169597.73,203742.38,126163.14,8650.18,5528.6562,9081.667,5326.903
Rice,Singapore,1988,946884.94,3208729.5,14751.8,526.4721,647795.75,146815.23,185793.42,131894.31,8987.131,5573.2407,6834.347,10484.183
Rice,Singapore,1989,926688.8,3132409.0,14580.675,536.8372,637288.6,142895.34,177764.34,130369.54,8944.191,5448.3643,6792.445,11222.239
Rice,Singapore,1990,880793.75,3016712.8,14524.837,554.17535,624691.8,139315.19,160499.05,119799.61,8769.868,5169.9434,6506.9297,11820.675
Rice,Singapore,1991,1016808.2,3454415.8,15611.115,437.30472,756339.5,171156.39,225020.48,139899.14,9014.289,6014.7656,8895.087,5865.0425
Rice,Singapore,1992,1024543.0,3485154.0,15666.721,436.01126,758140.4,171592.16,234386.34,144708.1,9138.938,6153.44,9039.658,5912.6694
Rice,Singapore,1993,867046.06,3144512.2,13222.161,688.96704,607852.56,138206.66,105621.125,103492.52,7565.0513,4955.82,4723.005,18578.242
Rice,Singapore,1994,922357.6,3458079.8,12988.555,731.8124,574187.6,133149.25,111804.2,118904.96,7585.6206,5709.493,4350.2866,23227.049
Rice,Singapore,1995,901133.0,3439589.0,13544.616,708.1006,532125.3,123296.055,154815.2,146127.4,8579.642,6610.9473,4862.0645,24465.734
Rice,Singapore,1996,855784.56,3234997.0,13413.247,718.5451,531044.2,121766.35,139783.11,133099.08,8371.519,6113.8516,4723.662,24376.562
Rice,Singapore,1997,1052530.0,3517891.5,15807.754,418.46933,777496.25,174873.31,265496.6,160606.3,9528.768,6520.4497,10051.173,5657.074
Rice,Singapore,1998,912955.06,3305170.5,13771.263,652.10474,572404.4,128309.33,166502.83,144949.62,8895.626,6231.4316,5494.8237,19770.945
Rice,Singapore,1999,918775.9,3367951.5,13967.376,653.2974,560670.44,124965.58,192071.44,162717.73,9359.386,6671.851,5732.262,21215.197
Rice,Singapore,2000,1007763.5,3383398.2,15690.505,418.03632,802939.1,177017.23,266655.5,161062.83,9381.756,6220.668,10152.671,5611.959
Rice,Singapore,2001,833157.9,3025255.5,14007.601,645.4866,584126.6,126769.58,175276.08,142675.83,8911.112,5840.968,5554.3525,19184.953
Rice,Singapore,2002,905635.3,3254355.5,14176.396,631.54004,577067.25,125986.516,208176.34,166339.11,9742.727,6513.539,6210.4053,19586.568
Rice,Singapore,2003,996527.56,3341636.0,15656.234,418.9153,799373.94,175983.45,255921.48,155027.81,9256.991,6073.2,10024.712,5540.9487
Rice,Singapore,2004,1012613.94,3384188.5,15662.722,418.76807,813191.8,178925.4,264804.7,160824.78,9360.062,6196.6245,10184.787,5597.313
Rice,Singapore,2005,936116.6,3721908.8,13179.491,775.90125,487260.84,116062.875,142907.95,152929.33,8333.451,7260.4277,4241.06,30744.186
Rice,Singapore,2006,977821.94,4007104.8,12728.636,852.2173,439644.25,105503.086,118070.3,145330.22,7896.5254,7643.8257,3348.6804,36724.25
Rice,Singapore,2007,979193.25,3953532.2,12740.629,832.5045,466036.3,108606.9,130979.78,162202.92,7899.7905,7526.2363,3696.7998,36533.883
Rice,Singapore,2008,974521.44,3863968.5,12305.512,860.96313,464355.56,112510.164,89454.95,120007.164,7166.3916,6652.739,3241.8103,34611.863
Rice,Singapore,2009,1151072.2,5025370.5,12344.954,942.62616,390672.0,97282.9,116590.914,172906.98,7908.23,9740.092,2800.1843,44730.543
Rice,Singapore,2010,1148880.2,4971629.5,12037.765,970.95874,367948.75,91565.8,108083.2,173724.23,7822.826,9663.824,2708.975,46739.195
Rice,Singapore,2011,1153637.1,3817215.8,16108.223,409.12802,824633.3,186338.08,346232.0,204880.75,10537.388,7683.093,11465.031,5914.6724
Rice,Singapore,2012,1156359.9,4937863.0,11944.374,977.83203,353097.34,88306.92,106513.38,173086.02,7869.4736,9779.742,2642.8123,47510.39
Rice,Singapore,2013,1173104.6,3907379.5,16314.117,405.83798,848693.0,191440.56,384056.88,223726.48,10923.596,8124.6123,12103.259,6002.965
Rice,Singapore,2014,1152619.0,5057057.5,11547.04,1048.9325,373649.22,95255.445,69570.26,134314.58,6489.0254,8700.933,2054.805,47302.27
Rice,Singapore,2015,1160481.9,3960759.5,16251.991,426.38873,815206.0,185965.95,360844.44,212641.94,10641.897,8024.242,10849.835,6531.813
Rice,Singapore,2016,1056752.4,3470606.5,15611.146,413.99066,830752.1,182922.47,279838.12,171284.73,9572.719,6425.855,10526.133,5613.2485
Rice,Singapore,2017,1167742.9,4965194.5,11649.919,1016.2443,324098.38,82469.07,91960.81,163234.84,7437.0464,9894.467,2321.7632,49136.996
Rice,Singapore,2018,1222540.8,5340962.0,11468.77,1052.5486,328766.03,85726.4,77485.516,154836.34,6705.375,10203.307,2049.2388,49677.203
Rice,Singapore,2019,1074186.4,4571747.0,11840.253,989.5105,379539.25,90001.266,88419.45,149823.4,7046.717,8298.578,2369.4678,46327.188
Rice,Singapore,2020,1167302.6,3866404.0,16250.295,404.78162,827031.06,186907.73,368903.3,215042.7,10820.607,7983.9062,11891.124,5917.8423
Rice,Singapore,2021,1105543.4,3710366.2,15677.311,432.70374,846025.5,188358.48,313481.84,194003.47,9788.978,7013.6685,10141.717,6404.1187
Rice,Singapore,2022,1094092.2,3675444.0,15657.5625,432.89124,836674.6,186309.4,304254.44,188362.33,9692.774,6894.235,10008.61,6350.0015
Rice,Singapore,2023,1224519.5,3220199.2,15155.474,346.6593,836319.5,190686.83,199358.64,107224.875,16103.0625,5221.4917,17042.645,3044.0574
Rice,Thailand,1961,4851833.0,8143205.5,19229.875,187.16217,865521.4,244241.98,190247.88,120931.61,27199.602,9398.602,31468.137,1818.5858
Rice,Thailand,1962,6877700.5,11002960.0,16776.143,199.59006,1613963.2,500232.62,180662.12,147743.86,34455.01,10264.628,35532.027,2122.1887
Rice,Thailand,1963,6471914.5,10881821.0,17254.943,208.69202,1913641.0,559881.0,151636.83,139982.86,23247.855,9506.685,29025.553,2404.6643
Rice,Thailand,1964,6726087.0,13496581.0,22271.584,176.76114,1685579.5,510777.47,206107.92,152128.86,32702.584,12655.931,42331.28,1563.1357
Rice,Thailand,1965,6487710.5,14217468.0,20889.525,220.03328,809067.25,284108.9,209734.78,138574.45,35198.684,13836.426,24500.533,3354.1423
Rice,Thailand,1966,7626188.5,15098087.0,21869.963,167.43129,1584342.9,515324.78,196714.34,144829.23,35826.73,13785.446,43792.883,1442.6464
Rice,Thailand,1967,6711525.5,12968667.0,21539.217,175.48962,1560843.1,482253.1,203599.08,146949.5,34063.59,12342.145,42999.566,1490.4923
Rice,Thailand,1968,7356929.5,15870086.0,20985.158,208.98114,1076347.9,371159.06,212686.05,148005.4,37936.297,14903.628,27901.682,3137.599
Rice,Thailand,1969,7276929.5,14354299.0,21575.465,167.8514,1039928.4,363081.75,194564.16,130526.07,37588.8,13500.321,41699.633,1427.0399
Rice,Thailand,1970,6990307.5,14638763.0,22827.08,167.87645,1011825.5,352791.03,203277.64,131007.78,37296.73,13829.357,42716.895,1357.1733
Rice,Thailand,1971,7682938.0,17293968.0,21868.344,204.19272,1191768.5,412928.6,221525.06,152002.48,39593.176,16139.659,29957.057,2991.0237
Rice,Thailand,1972,6862920.5,13519158.0,21627.559,170.47552,1072347.9,369657.9,200483.69,130962.7,37726.97,13032.103,43307.766,1362.4954
Rice,Thailand,1973,7736887.5,15307468.0,21887.76,159.05193,992229.56,356061.25,199610.66,128745.52,40376.023,14534.856,44706.84,1256.8435
Rice,Thailand,1974,7108770.5,14386945.0,23212.17,163.9124,1588320.4,471432.8,166361.95,135318.53,26189.316,12214.41,38436.285,1590.569
Rice,Thailand,1975,7298028.0,9435936.0,16142.116,170.28403,1626671.0,495882.94,169475.84,127639.9,38553.867,9944.921,44511.348,1401.7605
Rice,Thailand,1976,8389672.0,16007168.0,21645.184,152.23834,1711969.5,566497.56,206827.6,144883.69,41284.492,15090.626,51594.363,1095.6932
Rice,Thailand,1977,8599851.0,16227629.0,19933.861,160.14491,1476588.2,575524.44,176041.25,126769.15,42766.93,14747.875,49391.71,1155.2888
Rice,Thailand,1978,9259454.0,22488026.0,21694.445,193.94762,1462447.9,591596.7,203950.9,147330.38,45635.36,19784.627,33955.92,2756.384
Rice,Thailand,1979,2681655.2,12881791.0,23888.078,440.533,1868878.4,594399.6,227582.67,158981.5,28566.895,10843.579,24673.555,4739.86
Rice,Thailand,1980,9192070.0,22594522.0,23180.691,194.38428,2675362.5,937838.4,152817.2,169652.38,26993.852,17047.83,31099.643,3167.3955
Rice,Thailand,1981,8973220.0,22762992.0,25902.49,163.60826,2222531.8,916722.75,153804.53,132264.19,31868.582,18382.54,48347.504,1328.5996
Rice,Thailand,1982,9055739.0,16777296.0,17078.959,174.78728,1875039.8,792002.2,157514.1,122826.53,47586.75,13826.605,50976.234,1190.881
Rice,Thailand,1983,3803530.5,11870892.0,20305.41,356.90195,3368933.0,1056242.5,238626.73,175566.73,36869.69,9925.989,48420.05,2155.9175
Rice,Thailand,1984,2510959.2,13861424.0,23505.031,469.43365,1212583.1,459027.6,166993.89,116269.7,27878.467,9823.565,19952.664,4842.2637
Rice,Thailand,1985,9789513.0,19215366.0,17688.045,158.88069,3687915.0,1353986.0,164129.56,138355.61,47143.94,13949.331,60103.793,971.7007
Rice,Thailand,1986,2818899.8,12959895.0,27389.47,279.34726,1395105.4,495689.94,243091.03,140204.69,34669.402,11414.021,47521.074,1551.3419
Rice,Thailand,1987,8082089.0,12932713.0,24856.15,133.22675,3364451.2,833245.3,216534.61,166021.56,26253.115,14674.105,56183.984,931.37103
Rice,Thailand,1988,8657335.0,12562990.0,21952.775,127.83471,3229328.2,842008.4,222035.56,148735.17,39120.016,14141.061,65703.85,639.33093
Rice,Thailand,1989,9001485.0,16369498.0,20124.082,178.99292,5202275.5,1632769.4,163212.7,149128.22,33815.457,12793.29,45020.16,1978.315
Rice,Thailand,1990,3091485.5,10394497.0,19769.428,347.2852,1774664.8,634777.8,224438.02,143781.02,39308.79,9051.501,46174.51,1909.9398
Rice,Thailand,1991,9096987.0,21433000.0,23047.152,154.48042,2045607.5,888999.44,135447.42,104954.945,45224.305,15274.594,59323.816,779.99036
Rice,Thailand,1992,8289111.5,14098487.0,19803.49,179.70172,2673699.8,727306.25,195334.19,156337.03,39313.277,13106.031,39339.805,2422.6511
Rice,Thailand,1993,3389400.8,15861175.0,31822.04,330.52994,4979201.5,1509749.0,231915.83,195955.36,17583.467,13305.376,51362.688,1835.5585
Rice,Thailand,1994,9462605.0,22055702.0,25743.453,137.57504,3342624.0,1148695.8,248137.6,167552.0,47256.145,19346.967,70516.18,673.87695
Rice,Thailand,1995,4803823.5,21358352.0,33039.67,329.42157,6596117.0,2464414.2,279780.97,215143.75,35989.55,16642.602,70725.58,1292.1652
Rice,Thailand,1996,3614860.8,14003172.0,29072.277,263.08527,3588570.5,950876.56,276717.34,185660.73,34990.11,11038.063,62013.43,1235.0704
Rice,Thailand,1997,7834177.0,12103467.0,22334.15,134.76215,1058017.6,361549.28,225692.0,115221.734,45976.76,15340.645,61334.72,657.3955
Rice,Thailand,1998,9802671.0,27438436.0,27887.314,159.63144,6761420.0,2699031.8,190834.0,140786.25,45534.234,19719.146,76205.06,535.257
Rice,Thailand,1999,10268573.0,24851004.0,19606.416,170.8333,6895872.0,2858021.0,162138.1,142742.56,48017.91,15641.665,72888.91,738.60406
Rice,Thailand,2000,8332856.5,16597688.0,21216.584,184.9869,1468174.4,578821.3,151151.11,108463.52,39386.28,14716.709,34830.11,2182.5198
Rice,Thailand,2001,5557736.0,26044880.0,37276.137,285.11026,7377044.0,2794789.2,327912.4,232345.28,39609.168,20586.71,76009.17,943.26013
Rice,Thailand,2002,9234941.0,15348623.0,16131.619,208.27753,5713486.5,1901132.9,209790.62,179995.06,42435.574,13060.894,45315.008,2847.9255
Rice,Thailand,2003,5256074.0,23380086.0,37800.566,225.27031,5761736.5,1811737.9,427240.84,260814.45,40950.664,20833.979,75676.74,901.7324
Rice,Thailand,2004,4211206.0,27941434.0,38235.49,341.71252,3279947.0,1685402.1,233013.6,156339.27,38131.438,19713.059,68424.97,991.4692
Rice,Thailand,2005,10175271.0,35487916.0,29737.488,179.11385,659802.4,374266.47,255558.19,138270.94,57350.34,34370.273,37109.727,2396.23
Rice,Thailand,2006,9892446.0,32433068.0,28774.123,160.6485,3361959.8,1764419.4,102046.336,86018.516,46933.074,18599.707,68304.12,591.25146
Rice,Thailand,2007,9321213.0,21015792.0,31085.322,160.89812,9236644.0,3733155.5,243571.58,144128.14,38041.88,21303.283,82495.945,434.14566
Rice,Thailand,2008,10276772.0,30338948.0,31789.568,136.84645,7060001.0,2435885.5,311978.56,196631.31,53189.895,25241.385,81647.24,450.58087
Rice,Thailand,2009,10261668.0,40255324.0,32061.807,205.99686,5883481.0,3519894.8,106643.64,86090.94,50499.53,25422.418,74701.27,573.0439
Rice,Thailand,2010,9521981.0,24900762.0,34265.516,187.08226,10302736.0,4721334.0,150425.78,116705.445,25248.633,21957.068,76667.35,590.5745
Rice,Thailand,2011,10659779.0,45805116.0,32047.06,369.41077,10508925.0,5618410.5,154233.38,154912.0,48529.055,28181.955,74612.02,1266.8159
Rice,Thailand,2012,9618991.0,23863546.0,31398.791,169.11336,9033290.0,3989696.5,197325.62,119935.016,38510.207,22676.604,82200.4,429.71304
Rice,Thailand,2013,9546169.0,22947936.0,31290.25,161.76158,8823903.0,3772516.5,203229.8,123197.875,37678.676,22354.76,81698.35,425.7672
Rice,Thailand,2014,6031099.0,31388664.0,29010.105,609.5975,7530772.5,4275080.0,139739.97,155426.14,36970.29,18973.598,69653.15,1720.605
Rice,Thailand,2015,9558826.0,35235348.0,30091.664,237.31857,5994516.5,3356203.5,90573.67,82580.65,44916.312,19349.758,72287.625,682.967
Rice,Thailand,2016,10097900.0,39698844.0,32878.52,215.4787,5437111.5,3287408.8,137734.2,101494.625,53019.773,27932.873,76194.555,639.1753
Rice,Thailand,2017,10377422.0,40014436.0,35669.586,245.8833,10840617.0,5559767.5,160628.06,123763.36,46376.285,26111.762,85361.81,424.78812
Rice,Thailand,2018,9710135.0,41008416.0,34564.477,311.15985,7747982.0,4303229.5,61017.105,74889.305,34451.402,20809.598,66544.95,972.88824
Rice,Thailand,2019,5709491.5,31192976.0,39521.793,429.6699,9473468.0,4417627.0,221691.3,201378.05,33166.656,22649.273,77278.12,1069.4133
Rice,Thailand,2020,10161130.0,42055516.0,34921.895,304.89423,6684572.0,3377421.0,181997.7,189258.95,35527.047,32634.652,51419.105,2842.8901
Rice,Thailand,2021,10189087.0,37514710.0,31161.484,217.4554,7082858.0,3080715.5,122614.414,156093.1,30893.73,20930.041,50294.926,1820.6099
Rice,Thailand,2022,3595105.0,25889896.0,37475.957,449.97012,4522951.5,1418789.4,232697.2,237387.52,15877.033,16203.204,32392.953,3807.738
Rice,Thailand,2023,953798.5,3160601.8,14966.917,448.9807,756828.9,169209.77,154644.94,104055.39,7833.2783,4802.1353,7673.948,5440.116
Rice,Timor-Leste,1961,871306.94,3941103.0,20033.494,369.39236,628454.6,138861.02,174560.19,100550.67,7148.232,6145.1113,8816.431,4306.555
Rice,Timor-Leste,1962,879753.2,3684595.5,18513.67,387.63498,644687.1,142628.31,169899.47,101329.586,7233.8257,5768.8438,8383.767,4596.9575
Rice,Timor-Leste,1963,883333.94,3552569.5,17783.969,396.71225,658571.44,145578.7,167279.36,101789.22,7254.9375,5565.53,8226.017,4724.7393
Rice,Timor-Leste,1964,887983.1,3410020.5,17001.42,407.42902,669767.2,148087.5,164513.11,102153.875,7311.0356,5353.8975,8020.0386,4885.1753
Rice,Timor-Leste,1965,881865.9,3648405.8,18226.55,392.10583,645391.25,143077.03,163932.03,99209.47,7180.4277,5638.2544,8215.126,4629.281
Rice,Timor-Leste,1966,877293.2,3649133.2,18371.812,389.26108,650967.8,143752.69,170209.45,101906.67,7217.393,5726.9717,8388.846,4615.4653
Rice,Timor-Leste,1967,956933.6,3174348.2,15000.207,446.62497,755923.0,169179.23,161107.61,107119.33,8024.137,4885.1123,7827.5073,5468.7437
Rice,Timor-Leste,1968,874699.4,3918390.5,19868.334,370.81223,631117.25,139517.6,175005.05,101081.72,7188.796,6121.0073,8813.387,4331.8716
Rice,Timor-Leste,1969,872939.3,3782434.8,19078.66,381.58395,638617.4,141307.05,164990.34,98081.45,7074.901,5812.0205,8442.84,4446.547
Rice,Timor-Leste,1970,877854.75,3763714.8,19004.453,380.31213,641909.8,141840.66,172906.88,101724.695,7246.609,5902.337,8614.12,4475.4663
Rice,Timor-Leste,1971,953833.06,3179874.0,15029.581,448.61627,757203.6,169450.72,160146.73,106865.914,7929.8115,4886.014,7755.3774,5500.561
Rice,Timor-Leste,1972,955859.8,3174239.2,15018.871,446.67398,756901.75,169194.28,160778.62,107261.89,7930.3438,4887.5483,7805.3594,5463.6436
Rice,Timor-Leste,1973,871237.1,3897247.8,19793.996,372.69675,628843.94,139052.7,173846.84,100510.16,7165.1733,6088.4995,8712.985,4365.1943
Rice,Timor-Leste,1974,862125.44,4224944.0,21762.088,351.8927,610489.9,134818.02,179538.9,99623.45,7069.758,6563.2017,9259.863,4034.8398
Rice,Timor-Leste,1975,872368.3,4024686.2,20419.785,365.52042,621749.6,137666.16,171003.12,98342.46,7081.9736,6191.219,8848.624,4215.629
Rice,Timor-Leste,1976,873542.94,3951421.0,20083.695,368.15506,628908.44,138969.98,176041.36,101116.27,7184.2544,6178.4014,8885.688,4291.404
Rice,Timor-Leste,1977,874107.25,3954265.8,20078.44,368.28958,629301.0,139082.94,175624.36,100988.195,7179.697,6171.3906,8878.994,4291.6743
Rice,Timor-Leste,1978,955414.06,3169483.0,14993.759,446.78207,755482.94,169041.64,160271.48,106653.97,8005.6587,4871.497,7815.737,5456.5747
Rice,Timor-Leste,1979,958353.2,3173372.2,14992.707,446.2473,755503.0,169134.45,160044.94,106574.07,8008.9966,4872.5967,7819.1724,5451.732
Rice,Timor-Leste,1980,868238.8,3945290.5,20051.404,370.75662,625422.2,138364.23,173134.97,99794.555,7116.4526,6134.3555,8732.927,4325.63
Rice,Timor-Leste,1981,870016.8,3941167.5,19987.527,370.7155,627208.25,138890.17,168434.5,97840.266,7084.8833,6051.3647,8729.933,4273.9526
Rice,Timor-Leste,1982,871993.06,3945892.5,19972.684,370.6785,627557.1,138945.52,169292.84,98378.2,7093.9844,6066.21,8735.651,4283.898
Rice,Timor-Leste,1983,876626.56,3961171.8,20071.266,368.3114,629019.06,139164.0,174657.72,100598.82,7181.8213,6165.2646,8874.086,4285.7783
Rice,Timor-Leste,1984,868980.75,3948216.0,20099.424,368.7384,628553.8,138950.9,173025.56,99638.97,7141.8735,6126.094,8848.469,4268.9863
Rice,Timor-Leste,1985,876275.6,3955169.2,19954.28,371.41806,623854.94,138307.36,169567.25,98544.055,7095.1777,6092.2812,8655.28,4326.164
Rice,Timor-Leste,1986,957975.44,3185551.2,14988.151,448.8562,756424.9,169587.66,159841.95,106611.94,8021.9233,4878.8926,7755.9316,5509.8203
Rice,Timor-Leste,1987,873753.5,4089655.8,20766.1,362.42938,617600.56,136750.94,177326.95,100596.6,7129.066,6368.0894,8949.161,4225.844
Rice,Timor-Leste,1988,868868.7,4093172.5,20938.957,359.22903,620047.75,137027.44,176685.48,99792.95,7128.8916,6355.4717,9095.749,4137.599
Rice,Timor-Leste,1989,856755.5,4521555.0,23412.455,339.64587,585892.9,129604.39,185111.2,99844.37,6960.922,7031.5757,9488.554,3930.8506
Rice,Timor-Leste,1990,855579.1,4562404.0,23701.117,336.1999,585461.56,129489.89,183065.14,98511.4,6944.2207,7041.7666,9627.691,3842.96
Rice,Timor-Leste,1991,856854.8,4547711.0,23582.203,337.54086,584492.1,129417.18,180690.16,97764.26,6932.16,6988.9985,9560.273,3866.4624
Rice,Timor-Leste,1992,843173.75,4623485.5,24192.924,334.34476,579626.6,127927.56,182755.92,97949.125,6803.411,7120.125,9600.897,3836.4197
Rice,Timor-Leste,1993,961629.2,3188983.2,14982.333,448.18747,755156.56,169557.38,158973.39,106063.21,8043.783,4874.82,7754.6636,5499.197
Rice,Timor-Leste,1994,846861.5,4467362.0,23306.988,341.34952,586722.6,129512.02,179622.62,97893.164,6848.187,6888.5674,9406.718,3950.2158
Rice,Timor-Leste,1995,862365.94,4533400.5,23461.158,336.4051,594127.25,131380.33,184969.44,99422.36,7025.6206,7016.766,9704.905,3807.2979
Rice,Timor-Leste,1996,957747.06,3177762.5,14966.053,452.61832,751877.8,168475.62,158599.58,106989.39,7940.1104,4879.3843,7637.774,5707.167
Rice,Timor-Leste,1997,849856.5,4566843.5,23751.363,337.51956,577279.06,127770.59,178206.52,96718.945,6846.5376,6985.3013,9480.291,3888.8384
Rice,Timor-Leste,1998,955917.4,3175047.0,14975.891,450.56876,751493.56,168689.1,158601.9,105979.99,8051.019,4866.851,7712.35,5600.9287
Rice,Timor-Leste,1999,850031.5,4558330.0,23773.182,336.41302,582228.06,128653.836,185370.1,99514.27,6944.164,7087.6445,9645.528,3881.872
Rice,Timor-Leste,2000,842189.7,4936878.0,26057.422,319.08182,560833.0,123925.36,191039.19,98574.02,6839.4067,7645.469,10133.295,3638.083
Rice,Timor-Leste,2001,873911.25,3501539.0,17525.037,405.5261,639809.7,142078.8,157760.98,98113.0,7143.766,5404.8438,7868.7124,4934.2085
Rice,Timor-Leste,2002,888387.4,3527752.5,17655.037,398.18222,648606.94,143717.16,167017.27,102277.26,7345.097,5558.5225,8229.605,4848.753
Rice,Timor-Leste,2003,892106.8,3507068.5,17507.11,399.8471,650429.6,144205.05,166197.08,102244.66,7363.326,5520.908,8194.783,4875.7397
Rice,Timor-Leste,2004,878172.3,3501376.5,17594.215,401.56772,649019.2,143516.89,164558.1,101564.336,7213.326,5494.893,8091.298,4920.9116
Rice,Timor-Leste,2005,884908.75,3453775.5,17274.574,406.53372,642696.06,142729.22,161402.95,100825.91,7295.1963,5411.145,7988.5566,5048.9297
Rice,Timor-Leste,2006,891821.06,3271416.5,16247.648,427.10364,657377.1,146000.94,155555.52,101445.02,7291.291,5122.727,7617.8857,5471.383
Rice,Timor-Leste,2007,894892.44,3548339.8,17621.818,397.60095,661395.5,146779.8,160881.94,99146.93,7260.7676,5463.4897,8201.694,4678.662
Rice,Timor-Leste,2008,609216.75,4512613.0,19750.955,840.84656,1105528.2,316846.47,196995.53,119465.33,9336.326,7523.2,11270.63,6062.5938
Rice,Timor-Leste,2009,575999.75,5959322.0,26719.166,729.33417,996307.3,285215.78,198277.8,108266.82,8773.072,9306.252,13114.749,4543.325
Rice,Timor-Leste,2010,796993.1,4789775.5,25685.99,338.6182,503312.2,112011.78,170225.19,92789.88,6362.7217,7328.8555,8905.844,4374.9453
Rice,Timor-Leste,2011,815874.8,4480199.5,23683.074,350.9067,531694.06,117961.48,166377.38,94190.664,6462.5195,6847.8394,8707.572,4526.7275
Rice,Timor-Leste,2012,815914.6,4575684.0,24534.945,339.65228,533215.44,117866.83,182709.56,99167.04,6717.0806,7224.367,9303.396,4364.966
Rice,Timor-Leste,2013,835813.6,5003190.0,26132.832,328.15298,519551.8,115680.5,185046.66,98520.67,6603.562,7749.073,9428.596,4124.674
Rice,Timor-Leste,2014,848872.6,5101983.0,27019.977,313.25775,540832.44,118907.23,233596.22,116550.875,7152.95,8608.108,10713.818,4006.12
Rice,Timor-Leste,2015,955929.75,3150506.8,14837.672,458.6207,738556.1,166316.23,152182.0,104059.03,8072.8843,4786.607,7549.4194,5948.251
Rice,Timor-Leste,2016,863815.25,5205797.0,27359.234,304.31033,569954.56,125406.625,224506.95,109957.56,7205.2817,8458.868,11149.528,3465.4846
Rice,Timor-Leste,2017,831901.94,4517807.5,24143.002,334.5661,567188.06,124681.46,194538.84,103099.375,6995.1577,7250.926,9793.377,4056.6492
Rice,Timor-Leste,2018,829811.2,5322309.5,28366.2,308.10834,520891.22,115059.41,214297.0,106155.73,6814.266,8608.237,10456.513,3799.9187
Rice,Timor-Leste,2019,537975.06,5331993.0,20415.688,1107.6533,1322534.0,436914.56,211637.55,130439.23,10447.553,9104.433,12707.0,6547.205
Rice,Timor-Leste,2020,848856.3,4536457.0,23841.232,336.8967,570845.75,125718.91,207967.75,110134.76,7176.4233,7473.325,9901.186,4201.5396
Rice,Timor-Leste,2021,572784.3,4841929.5,16826.68,1271.7214,1485167.9,545125.25,208775.58,140274.2,10692.874,8448.956,11089.112,8627.665
Rice,Timor-Leste,2022,887953.2,4537674.5,23200.346,335.98807,608943.44,133539.45,231108.98,120628.78,7460.877,7689.469,10153.567,4131.999
Rice,Timor-Leste,2023,1301233.8,3207538.0,15067.405,327.84238,867914.9,197378.11,207363.08,106572.086,18941.29,5192.386,20212.203,2644.999
Rice,VietNam,1961,4280350.5,7741565.5,17226.605,228.39966,1221165.9,341243.56,165281.92,125552.78,19887.033,7900.7993,24744.252,2410.1821
Rice,VietNam,1962,4959147.0,10697104.0,23177.648,178.86859,946392.5,283108.78,288401.44,161828.31,33939.01,12534.756,41158.758,1567.8324
Rice,VietNam,1963,4720129.5,8370977.5,17579.47,213.43304,1162624.6,341186.72,326692.78,197426.31,38060.312,10504.521,39614.633,2190.2014
Rice,VietNam,1964,4902764.0,10389956.0,23378.543,174.21921,950612.7,282402.0,359623.3,185844.48,35868.74,13645.828,44214.023,1522.8038
Rice,VietNam,1965,4686204.0,9659560.0,22419.984,175.62683,975166.75,279921.56,299137.16,166067.84,34214.016,11496.6455,42667.63,1487.8127
Rice,VietNam,1966,4484460.0,8152146.0,18280.846,204.57352,1134573.2,321070.94,486993.97,260197.61,40954.152,12284.801,44609.707,2147.0903
Rice,VietNam,1967,4530150.5,10710307.0,25787.848,169.96776,1061588.0,308597.38,897630.3,371691.97,41648.703,20844.41,55399.37,1659.7192
Rice,VietNam,1968,4726026.0,9052788.0,19532.938,198.78136,1148915.5,338134.3,786382.1,363786.44,45978.73,17202.818,51091.625,2184.284
Rice,VietNam,1969,4695981.0,10302127.0,24167.34,171.3955,1057508.4,310484.84,717660.25,310997.06,41854.84,18293.314,53788.016,1582.8502
Rice,VietNam,1970,1461882.9,5563695.5,27247.879,210.381,1002125.06,221542.77,1050892.5,354479.62,31373.049,15018.299,50570.008,1784.3044
Rice,VietNam,1971,1051321.5,4643719.0,27496.01,231.33311,894391.75,182562.83,522760.84,208200.88,13209.094,10787.999,30520.621,1995.5438
Rice,VietNam,1972,1949442.5,7945616.0,28495.43,210.676,995637.5,261834.77,763699.06,282990.97,35080.582,15222.333,50068.59,1656.934
Rice,VietNam,1973,4848184.5,10711993.0,25035.836,159.974,1057132.2,306738.53,584398.8,260432.27,40548.11,16569.219,54731.254,1256.1986
Rice,VietNam,1974,5105191.0,11104741.0,24496.379,159.64523,1069677.9,312410.78,717832.44,314546.22,42510.195,18756.715,56236.832,1329.4008
Rice,VietNam,1975,5180952.0,11055876.0,23648.842,165.5853,995059.5,306038.66,424669.72,200459.92,41377.723,15380.285,51885.055,1209.7948
Rice,VietNam,1976,6007044.0,10002371.0,16969.219,193.55916,1165095.0,379524.88,293897.47,175723.14,46925.57,11495.443,46667.95,1608.5969
Rice,VietNam,1977,4995878.5,11096602.0,24573.709,170.45256,1230855.6,344083.3,234252.33,153237.23,24106.533,11535.333,40162.75,1464.9142
Rice,VietNam,1978,4084382.5,7645512.0,22750.424,168.65854,1094762.4,278150.9,224263.55,133306.02,21079.854,10030.021,37752.906,1352.0635
Rice,VietNam,1979,5480868.0,10575966.0,21974.27,159.91219,1072176.1,326319.53,285709.12,152542.95,41474.66,11773.698,52608.94,1003.40906
Rice,VietNam,1980,6271446.0,14761051.0,21960.375,216.18558,727025.5,262989.84,345820.9,164372.12,47783.945,17774.445,29741.469,3247.5728
Rice,VietNam,1981,5200266.0,10846697.0,21069.932,211.89565,663625.56,213367.22,256584.7,123415.12,42117.902,13246.335,27442.96,2939.904
Rice,VietNam,1982,2673878.2,7156176.5,17598.076,280.59976,1183378.6,356299.34,269044.88,139193.25,41859.918,7993.654,42879.426,1755.1888
Rice,VietNam,1983,5130813.5,11583439.0,23393.025,200.1616,648416.44,208517.56,286920.75,126286.46,42137.152,14848.438,29488.682,2615.4045
Rice,VietNam,1984,5822668.0,17073494.0,33392.734,151.16867,1255415.8,395304.94,345187.7,186535.16,29092.664,19094.324,53414.695,1058.3369
Rice,VietNam,1985,5930603.5,13652280.0,26584.639,145.47011,1113725.6,363511.62,322149.22,151729.14,45224.54,14713.483,61936.184,688.6075
Rice,VietNam,1986,5489378.0,15889118.0,33131.273,147.657,1348347.9,399994.97,333589.4,185425.14,28008.79,16665.928,54536.17,1000.08154
Rice,VietNam,1987,5994346.5,14023796.0,27400.623,145.65346,1080022.2,368976.28,368960.7,155516.64,48958.73,17038.111,64782.71,651.212
Rice,VietNam,1988,4630838.5,8698219.0,26475.537,134.823,942209.5,263433.2,342700.75,133504.88,41459.984,13235.325,63389.914,540.7466
Rice,VietNam,1989,7226485.0,23170222.0,29151.318,202.71027,744378.56,329477.0,303985.88,129561.27,53189.297,23642.332,35913.43,2313.214
Rice,VietNam,1990,7527094.5,13478619.0,17314.635,183.36674,2181533.0,795572.75,193045.67,126117.2,56809.34,11676.784,62377.332,849.0765
Rice,VietNam,1991,7127172.0,25551608.0,34780.273,200.8235,997976.6,371848.2,237860.25,167682.58,25207.88,23399.725,27830.514,3000.952
Rice,VietNam,1992,6105335.0,14902517.0,27500.875,183.09709,1068694.0,343414.88,300014.1,131576.2,46031.062,17812.258,39568.39,1912.7496
Rice,VietNam,1993,7649254.5,15462618.0,20415.754,173.70166,2595360.2,817807.5,138857.28,133177.86,31934.742,10916.334,51136.7,1114.9353
Rice,VietNam,1994,3266108.5,21527544.0,35104.25,322.0137,750611.2,317522.56,319692.2,128584.45,46083.125,20294.795,31052.234,3218.8276
Rice,VietNam,1995,3216208.8,18634304.0,38281.99,191.22916,1340153.9,524745.1,331116.12,126909.05,45605.79,17260.82,69463.13,557.8046
Rice,VietNam,1996,3452065.8,22961172.0,36578.41,299.5152,621156.75,265686.2,353387.12,128379.7,48331.414,22716.422,31020.473,3089.664
Rice,VietNam,1997,9064448.0,20561562.0,18923.152,175.23296,3818511.0,1544180.0,186694.94,125879.164,60934.277,13971.739,72813.8,630.6005
Rice,VietNam,1998,3617864.0,18338178.0,22739.42,578.6577,2989981.0,1110182.8,182356.7,196639.33,19049.479,12123.512,20835.871,6191.47
Rice,VietNam,1999,5644916.5,18437470.0,22968.541,308.51074,4900194.0,1808839.6,238330.48,170774.1,55181.414,13021.709,70684.01,1080.8374
Rice,VietNam,2000,9040490.0,32160692.0,39096.18,133.70404,3212053.2,1313389.8,271693.94,127788.664,58150.055,27574.244,82698.7,263.4727
Rice,VietNam,2001,8202876.5,30816466.0,42586.848,141.27882,4365972.0,1426562.1,170301.77,120768.28,32674.824,21926.19,71090.24,422.6593
Rice,VietNam,2002,8815004.0,31806368.0,39334.867,133.13213,3511380.0,1380661.2,211067.86,112641.99,55411.92,23022.67,82215.086,245.09827
Rice,VietNam,2003,8384554.0,35484830.0,47035.906,144.04037,4225672.0,1496082.9,238411.55,136715.92,37558.504,31976.027,75111.19,373.8555
Rice,VietNam,2004,6820965.0,15969086.0,39892.145,114.8147,3089867.5,878441.6,359308.72,132103.55,42490.78,22234.3,84406.555,204.23773
Rice,VietNam,2005,8842526.0,36149070.0,44102.688,143.70938,5287490.5,2156171.2,284837.56,129877.51,58402.582,30545.402,86656.73,211.60985
Rice,VietNam,2006,5821173.0,15225782.0,45311.312,110.636,2806002.2,586260.0,346458.53,145638.5,22866.596,22239.143,74528.36,301.46796
Rice,VietNam,2007,8711939.0,36882320.0,45148.32,145.25987,5011431.5,2120615.8,292932.75,127699.75,59161.75,32036.834,87078.68,200.08054
Rice,VietNam,2008,8720935.0,42479508.0,47060.332,175.937,3721492.5,2188655.2,223394.36,98004.51,61514.195,36552.094,85592.49,235.00546
Rice,VietNam,2009,6401068.5,26278862.0,41858.32,204.28183,1449708.4,727969.94,306283.1,124616.45,43139.66,31374.139,53418.117,1266.9945
Rice,VietNam,2010,9000429.0,37672610.0,47303.367,133.30951,4697147.5,1698390.4,390499.97,152467.73,62552.688,36507.844,88386.64,187.70773
Rice,VietNam,2011,5988557.5,47200980.0,49824.027,454.40067,7260606.0,3646152.0,228669.34,176688.25,45232.184,34143.117,63043.49,1862.1458
Rice,VietNam,2012,8789278.0,45371508.0,51805.656,207.4066,9809030.0,4576658.5,220237.72,134280.17,39222.555,38821.36,85838.414,286.08533
Rice,VietNam,2013,9204149.0,43355404.0,49012.918,152.30817,4734165.0,2211526.0,290276.2,118324.94,64015.11,39524.246,88319.375,190.00818
Rice,VietNam,2014,9237924.0,45187444.0,50347.31,173.21255,7973964.0,3717964.5,269833.84,121193.22,61501.113,38558.62,90405.62,174.79286
Rice,VietNam,2015,10355801.0,36596950.0,24434.99,236.09904,8413054.0,4175656.0,172026.84,145161.53,62755.062,20460.283,84390.72,530.4797
Rice,VietNam,2016,9142278.0,42122110.0,48667.55,143.31194,5584591.5,2457453.8,289892.16,121324.96,61940.23,37491.85,88856.09,171.64607
Rice,VietNam,2017,9122843.0,43363852.0,49474.41,164.34555,7256051.0,3302486.5,304224.7,132689.92,61663.617,38793.676,90250.17,181.33476
Rice,VietNam,2018,5334792.0,40856830.0,52979.535,232.28133,6482594.0,2821592.5,341949.6,156523.22,51331.35,36185.977,88093.12,251.41106
Rice,VietNam,2019,6601750.5,18313302.0,44130.277,129.14392,6259212.5,1898113.5,273410.44,108264.305,40726.016,21613.342,88421.58,163.06361
Rice,VietNam,2020,8762327.0,41829830.0,48524.64,174.3219,7808924.5,3455577.5,180854.22,93924.07,57183.496,28550.467,89207.92,174.64786
Rice,VietNam,2021,8141761.5,46987976.0,52204.324,249.39923,5762962.5,2289652.8,653882.4,400762.25,34205.855,51674.68,56425.465,1587.9635
Rice,VietNam,2022,6134842.0,12418681.0,18117.676,278.64008,1230112.2,388862.25,723580.8,467885.62,30505.69,20976.273,26507.885,6877.5015
Rice,VietNam,2023,954999.9,3171759.5,14970.269,450.36237,757440.8,169557.38,154716.27,104213.87,7841.847,4812.872,7638.5327,5478.7734
